#{"t_start": 1785317522.183136, "env_id": "None"}
r,l,t,is_success
1.179115,100,6.223652,False
-10.952049,75,8.803534,False
1.210875,100,12.369857,False
1.684719,100,15.930207,False
1.925841,100,19.407232,False
22.201598,90,23.237702,True
-12.310117,79,26.151823,False
-11.883704,35,27.416647,False
0.795546,100,31.485727,False
-12.458607,68,34.326242,False
1.068113,100,37.763888,False
22.445608,59,39.83067,True
1.144867,100,43.943807,False
1.58785,100,47.402911,False
0.079832,100,50.852318,False
-9.510991,79,53.567766,False
1.066513,100,57.00136,False
0.600068,100,60.879322,False
0.684556,100,64.287261,False
0.868667,100,67.7139,False
1.301584,100,71.302865,False
1.50708,100,74.710738,False
0.631263,100,78.727984,False
-1.872823,100,82.102913,False
-0.590789,100,85.523904,False
0.915036,100,89.079777,False
1.317775,100,92.474769,False
1.48888,100,101.639805,False
0.866073,100,105.056212,False
0.855049,100,108.609592,False
1.038606,100,112.119483,False
0.410556,100,115.706838,False
1.212578,100,119.764371,False
1.700024,100,123.152667,False
-9.879329,51,124.891448,False
1.357641,100,128.421847,False
21.044078,56,130.366159,True
0.709612,100,133.755041,False
0.94965,100,137.668212,False
0.715049,100,141.079046,False
-11.863365,63,143.199945,False
2.479186,100,146.71787,False
22.326689,60,148.722021,True
1.323519,100,152.11639,False
2.938415,100,156.090399,False
-1.73297,100,159.637064,False
2.330347,100,163.030575,False
1.629452,100,166.476186,False
1.308473,100,169.987689,False
-0.148456,100,173.936673,False
21.484672,54,175.792191,True
1.272057,100,179.16667,False
1.599459,100,182.569299,False
-10.676647,95,185.818555,False
2.230508,100,194.622396,False
0.443129,100,198.489887,False
-1.61276,100,201.88153,False
0.855026,100,205.315188,False
1.495398,100,208.767249,False
0.800842,100,212.189824,False
1.594545,100,216.051889,False
1.427915,100,219.4403,False
22.166615,53,221.513687,True
0.750285,100,224.96572,False
1.615899,100,228.491282,False
21.861133,62,230.662973,True
1.34608,100,234.678141,False
21.421011,63,236.81795,True
0.70755,100,240.411343,False
0.912197,100,244.008713,False
-10.420893,57,246.072375,False
0.718303,100,249.891559,False
1.143438,100,254.197201,False
0.512649,100,257.907075,False
22.207973,63,260.306067,True
0.5477,100,264.03864,False
1.568507,100,267.836034,False
0.717405,100,271.696333,False
-11.451999,65,274.693819,False
2.490172,100,278.268034,False
0.733948,100,281.906148,False
0.564861,100,292.20001,False
0.976998,100,295.603773,False
1.158071,100,299.616286,False
21.872497,79,302.367011,True
1.670878,100,305.806971,False
-7.653584,59,308.031384,False
0.795384,100,311.604208,False
-13.490313,32,312.744576,False
1.548127,100,316.978462,False
1.511574,100,320.744071,False
1.734971,100,324.511822,False
1.213031,100,328.200906,False
1.448108,100,331.927185,False
1.03394,100,335.638311,False
-10.591033,78,339.61066,False
21.417554,92,343.229931,True
0.50262,100,347.073589,False
-10.807735,84,350.285607,False
0.812357,100,354.175151,False
1.238213,100,358.591286,False
0.879889,100,362.344154,False
23.149333,81,365.347462,True
22.182025,76,368.207109,True
0.786413,100,371.971676,False
-10.586496,93,375.425793,False
-13.566866,93,379.693509,False
21.710701,71,382.494304,True
1.23804,100,387.217804,False
1.216556,100,399.954671,False
-12.516075,53,402.213877,False
0.965403,100,406.103559,False
-13.350375,19,406.824946,False
1.479193,100,411.458706,False
-17.34746,48,413.574336,False
1.101134,100,417.567961,False
0.293337,100,421.756143,False
23.094851,81,425.089487,True
20.972056,45,426.791303,True
-10.540019,76,430.398672,False
21.211769,71,433.630857,True
22.442545,61,436.191938,True
22.29688,42,437.872839,True
22.294622,69,440.640695,True
-16.262186,28,441.730039,False
0.838177,100,445.626734,False
0.733261,100,449.580209,False
-1.128612,100,454.179703,False
1.052885,100,458.08467,False
-9.223199,52,460.131352,False
-9.17375,66,462.742785,False
0.782813,100,466.728884,False
21.595128,52,468.758148,True
1.388333,100,473.141399,False
-12.146745,61,475.564401,False
-14.229985,73,478.318448,False
0.4692,100,482.078302,False
0.792317,100,485.900831,False
21.081564,76,488.756003,True
-2.614894,100,493.123578,False
0.594303,100,496.875037,False
0.500014,100,506.985958,False
-15.69561,66,509.311266,False
0.458545,100,512.957319,False
21.696835,81,515.809916,True
1.572646,100,520.199146,False
0.753738,100,523.918368,False
-7.94536,81,526.994863,False
1.301544,100,530.820165,False
0.750178,100,534.581978,False
2.631503,100,538.965954,False
-1.622272,100,542.926616,False
0.758018,100,546.802466,False
0.77118,100,550.830117,False
20.891654,66,553.38634,True
-11.080011,96,557.733089,False
1.774981,100,561.693776,False
1.663172,100,565.572879,False
0.897191,100,569.462077,False
2.487472,100,573.336443,False
-11.278261,70,576.059544,False
22.238051,54,578.784688,True
0.953435,100,582.736368,False
-12.478623,74,585.943566,False
-16.245272,67,588.689014,False
1.806989,100,592.686605,False
0.520896,100,596.573641,False
1.289696,100,601.150956,False
-16.565409,99,605.003557,False
-9.313533,93,616.853128,False
21.206691,73,619.92921,True
0.363217,100,624.350074,False
1.643134,100,628.884298,False
-9.349535,70,632.409454,False
0.560583,100,636.750457,False
2.397021,100,640.815159,False
0.959298,100,644.886498,False
21.635516,64,647.592155,True
1.431121,100,652.325869,False
0.390343,100,656.603226,False
-12.28315,77,660.014258,False
21.637197,82,664.444132,True
21.427667,71,667.865375,True
1.291985,100,672.20453,False
-4.108809,100,677.113457,False
0.500431,100,681.948687,False
1.958096,100,686.171998,False
1.430808,100,690.475059,False
1.825496,100,694.74371,False
-11.247071,92,699.28872,False
-1.072132,100,703.691471,False
0.138381,100,707.980567,False
0.765356,100,712.019808,False
22.293781,70,714.92678,True
-1.041822,100,718.960057,False
0.697132,100,723.750791,False
20.948705,24,732.65593,True
1.531865,100,736.31702,False
21.475096,66,738.738775,True
21.329671,61,741.153499,True
0.714932,100,744.789738,False
2.610738,100,749.726693,False
21.646998,74,752.622837,True
1.664033,100,756.6076,False
0.337793,100,761.080422,False
0.819535,100,765.319606,False
-9.335426,84,769.154246,False
21.549372,45,771.808717,True
22.029856,52,774.077496,True
21.953386,90,777.891357,True
22.082692,54,780.489743,True
22.373145,93,784.717825,True
22.06337,90,789.193947,True
21.604244,71,792.512229,True
0.599965,100,797.972256,False
-9.031448,99,802.533937,False
1.145946,100,807.07031,False
21.63089,69,810.138537,True
-10.518946,84,813.790053,False
2.2667,100,818.758799,False
1.335808,100,824.110177,False
-0.484924,100,828.371927,False
-10.608382,47,830.351667,False
2.728697,100,834.403196,False
0.947417,100,838.508558,False
-2.224079,100,843.919199,False
-0.622614,100,857.375712,False
-11.589275,83,861.271412,False
1.074284,100,865.843491,False
0.749737,100,870.248708,False
20.921845,19,871.150783,True
22.28632,55,873.66541,True
21.456975,49,876.685589,True
-12.360052,30,878.164933,False
1.090509,100,883.663806,False
-10.983586,86,888.134617,False
-9.63524,97,892.739618,False
0.679607,100,897.209335,False
0.79947,100,902.367918,False
0.561201,100,906.747771,False
-0.670816,100,911.135139,False
0.831984,100,915.431825,False
-9.320662,74,918.65803,False
-15.702277,50,920.755957,False
1.061714,100,925.663689,False
2.638027,100,929.92745,False
22.144423,80,933.152357,True
-0.133091,100,937.326499,False
21.0841,63,939.874063,True
0.949115,100,943.91836,False
1.527965,100,948.58122,False
0.924428,100,952.486094,False
22.152108,65,955.248049,True
-1.313784,100,959.198418,False
1.620437,100,963.145593,False
2.091853,100,973.396645,False
-14.250293,96,977.044512,False
-0.027127,100,980.868514,False
1.705262,100,984.658407,False
22.589352,81,987.725026,True
-10.159256,65,990.280375,False
21.613475,87,994.467481,True
0.953898,100,998.5402,False
3.255949,100,1002.438228,False
1.933384,100,1006.430241,False
1.028575,100,1010.550889,False
1.069311,100,1015.465016,False
-8.979697,94,1019.254554,False
-1.84233,100,1023.522985,False
0.929895,100,1027.599629,False
1.352108,100,1031.706999,False
1.166477,100,1035.770511,False
0.640457,100,1040.501836,False
-12.707796,42,1042.193286,False
1.489457,100,1046.287234,False
1.247457,100,1050.403704,False
-0.98699,100,1054.460133,False
21.901331,99,1059.092939,True
21.263064,40,1060.717242,True
1.523209,100,1064.773525,False
-9.513114,77,1067.95997,False
-0.476331,100,1072.066467,False
0.837998,100,1084.428113,False
-10.598568,93,1088.522101,False
1.709474,100,1092.182282,False
1.325294,100,1095.819225,False
1.0581,100,1099.44968,False
0.912674,100,1103.196315,False
2.107675,100,1107.602262,False
1.201748,100,1111.560519,False
1.12718,100,1115.628484,False
-9.31837,96,1120.75881,False
21.52941,54,1123.032841,True
1.172621,100,1127.140677,False
-10.927872,98,1131.805995,False
0.745203,100,1136.279695,False
1.383507,100,1140.31964,False
-14.372875,23,1141.249812,False
22.794181,99,1145.450449,True
21.827383,86,1150.281509,True
22.416236,74,1154.624118,True
-8.936585,45,1156.806423,False
-10.51677,88,1160.650678,False
0.864416,100,1165.564272,False
-10.453333,92,1169.958768,False
1.185918,100,1174.527159,False
0.801744,100,1179.928765,False
1.290789,100,1184.582478,False
1.597993,100,1189.177262,False
22.374675,80,1192.953496,True
0.917154,100,1207.710297,False
21.207105,62,1210.44419,True
2.713321,100,1215.799775,False
1.273406,100,1220.152692,False
2.94682,100,1224.763335,False
21.966997,74,1228.038532,True
-10.829152,47,1230.05693,False
1.519094,100,1234.37105,False
2.669493,100,1239.571161,False
-11.236938,53,1242.05976,False
1.215995,100,1246.516001,False
0.467934,100,1251.047725,False
0.822671,100,1255.230574,False
21.881346,98,1260.319144,True
-11.579135,42,1262.135272,False
1.418414,100,1266.41429,False
0.968819,100,1270.588207,False
-9.491937,75,1273.724678,False
1.464606,100,1277.921339,False
0.973867,100,1283.355835,False
1.17026,100,1287.732835,False
-10.58647,93,1291.726711,False
1.697202,100,1296.243247,False
1.570797,100,1300.897741,False
22.608406,75,1304.340515,True
1.469894,100,1309.536829,False
2.176813,100,1314.534926,False
-10.911776,36,1316.659167,False
1.555839,100,1330.772037,False
0.644613,100,1334.913162,False
0.839878,100,1338.930292,False
2.267409,100,1344.090352,False
-1.94066,100,1348.65928,False
0.873249,100,1352.798512,False
1.741935,100,1357.252659,False
0.61891,100,1361.442331,False
22.30354,76,1365.366763,True
0.829459,100,1370.207997,False
1.38171,100,1374.697797,False
0.835675,100,1379.034785,False
21.976975,62,1382.041807,True
2.474098,100,1387.47376,False
1.473747,100,1392.109011,False
1.303617,100,1396.728654,False
-12.268561,95,1401.130871,False
22.622448,91,1405.20633,True
1.831731,100,1409.584574,False
1.61962,100,1414.809625,False
2.252137,100,1419.169148,False
1.890578,100,1424.140744,False
0.791533,100,1428.393041,False
1.069541,100,1432.788708,False
21.764336,69,1436.715081,True
1.353264,100,1441.393299,False
22.456842,97,1445.855835,True
1.227442,100,1458.064675,False
1.569896,100,1462.063939,False
0.875836,100,1466.878179,False
0.636402,100,1470.930606,False
0.947978,100,1474.99554,False
2.293779,100,1478.909838,False
1.454588,100,1483.073814,False
2.476808,100,1488.43499,False
22.055842,78,1491.508247,True
1.51171,100,1495.53029,False
21.839645,81,1498.900941,True
-9.352813,86,1502.33993,False
0.916557,100,1506.558169,False
22.386987,77,1510.494871,True
-12.868045,93,1514.436088,False
22.034873,78,1517.712332,True
0.366933,100,1521.982735,False
0.761507,100,1526.167534,False
-0.053643,100,1530.57316,False
1.744218,100,1536.111196,False
1.983644,100,1540.936606,False
1.521535,100,1545.662466,False
1.125176,100,1550.320994,False
-0.085421,100,1554.959686,False
22.445462,49,1557.801161,True
2.894522,100,1562.352564,False
23.069775,74,1573.592894,True
1.142986,100,1577.486606,False
22.832435,100,1581.334222,True
-9.375078,38,1582.821659,False
0.790555,100,1587.330203,False
0.979587,100,1591.416113,False
2.159772,100,1595.434768,False
21.690728,72,1598.246759,True
-11.680659,62,1600.661657,False
-2.000187,100,1604.730008,False
1.927636,100,1609.824803,False
22.163076,84,1613.435017,True
2.090561,100,1617.749537,False
-10.991833,40,1619.68655,False
-8.23583,84,1623.697085,False
21.318306,25,1624.935733,True
0.991858,100,1629.16937,False
-14.014305,38,1631.170117,False
1.235235,100,1636.60468,False
2.33125,100,1641.116194,False
1.000014,100,1645.518893,False
23.163036,88,1649.501788,True
22.559077,69,1652.442349,True
-10.939904,93,1657.349639,False
2.030068,100,1661.951228,False
22.222458,65,1665.285288,True
22.538902,79,1669.08814,True
0.712513,100,1673.727302,False
1.643449,100,1678.428292,False
3.425721,100,1683.845066,False
1.191973,100,1697.599469,False
2.570549,100,1702.135573,False
1.56641,100,1706.394313,False
2.318215,100,1710.526593,False
1.564612,100,1715.32573,False
-0.79517,100,1719.535047,False
0.17055,100,1724.14488,False
0.384361,100,1728.488211,False
1.103582,100,1732.835744,False
21.374694,78,1736.624029,True
0.828322,100,1740.894725,False
1.190945,100,1744.919831,False
2.144119,100,1748.928102,False
22.238207,69,1752.17576,True
1.067922,100,1756.514067,False
22.435428,74,1760.358123,True
1.16948,100,1765.793188,False
0.806446,100,1771.224334,False
22.347287,73,1774.436045,True
1.37545,100,1779.10028,False
1.584339,100,1784.331027,False
0.84242,100,1788.764252,False
23.160478,97,1793.002421,True
-2.405445,100,1797.870345,False
-10.750078,70,1800.787694,False
-10.299389,67,1803.866921,False
1.243984,100,1809.096223,False
1.155056,100,1822.735932,False
-8.892969,78,1826.407286,False
3.007049,100,1830.337126,False
-11.163986,93,1835.030202,False
23.011239,84,1838.667922,True
21.671818,69,1842.515576,True
0.708447,100,1847.279083,False
21.55217,76,1850.593557,True
22.080027,86,1854.656385,True
21.960556,68,1857.784117,True
22.485283,78,1861.433142,True
0.749383,100,1866.376859,False
-9.640326,93,1870.425576,False
-8.821261,74,1873.706781,False
1.180354,100,1878.214577,False
2.662957,100,1882.693585,False
-0.173796,100,1887.153396,False
21.888077,69,1891.637364,True
-12.526252,100,1896.434686,False
1.220405,100,1901.186563,False
1.792313,100,1905.716981,False
-10.195266,90,1909.604462,False
-0.012123,100,1915.165902,False
1.195613,100,1919.909042,False
0.780791,100,1924.921578,False
-0.195885,100,1929.985907,False
22.005096,69,1932.936867,True
-0.885849,100,1937.946026,False
22.404189,96,1952.628746,True
1.607567,100,1957.25648,False
-9.059534,90,1961.100741,False
1.169647,100,1965.194047,False
22.272139,77,1968.582589,True
-9.716213,96,1973.353133,False
1.737742,100,1977.934087,False
1.264489,100,1982.381025,False
22.016008,87,1986.096888,True
2.206011,100,1990.314602,False
22.528312,82,1994.846983,True
0.880879,100,1999.068201,False
-10.852211,92,2003.195338,False
1.945627,100,2007.469616,False
1.397836,100,2013.445667,False
21.922922,69,2016.399889,True
1.78736,100,2022.4947,False
1.060081,100,2026.694961,False
1.6771,100,2031.374749,False
2.510024,100,2036.023859,False
2.549445,100,2040.322723,False
22.251071,90,2044.843705,True
1.824766,100,2049.306456,False
21.68444,62,2052.01858,True
21.660415,57,2054.458392,True
-0.066466,100,2058.719432,False
-7.957158,66,2061.542112,False
21.602783,71,2072.934184,True
1.129186,100,2077.260729,False
1.188683,100,2081.083707,False
0.774161,100,2084.806699,False
21.543695,71,2087.530295,True
22.024889,43,2089.184611,True
22.38404,68,2091.799585,True
-10.522221,88,2095.812559,False
22.630053,100,2099.798855,True
1.533243,100,2103.745988,False
22.02757,96,2107.538102,True
1.313068,100,2111.511056,False
21.987769,62,2114.021588,True
0.657621,100,2118.787481,False
-0.856527,100,2122.888575,False
21.737119,73,2125.877498,True
21.827716,92,2129.651231,True
23.414934,93,2133.474577,True
21.714004,74,2137.166577,True
1.388338,100,2141.266889,False
1.700045,100,2145.350485,False
1.003956,100,2149.355259,False
0.990549,100,2153.362789,False
2.120876,100,2157.369049,False
21.642756,42,2159.688468,True
0.827111,100,2163.645471,False
2.76256,100,2167.598968,False
2.460161,100,2171.554247,False
1.261354,100,2183.616027,False
1.497231,100,2187.807243,False
2.133278,100,2191.3913,False
0.168024,100,2195.049725,False
1.532395,100,2198.779822,False
0.990817,100,2202.60442,False
1.360303,100,2207.067244,False
1.541366,100,2210.948546,False
1.880485,100,2214.93832,False
1.249129,100,2218.993875,False
21.817028,79,2222.135603,True
22.464047,83,2225.412115,True
0.984658,100,2230.009281,False
1.603114,100,2233.952679,False
0.726077,100,2237.904025,False
21.40517,40,2239.490471,True
1.584455,100,2243.427396,False
2.42376,100,2247.394745,False
2.360949,100,2252.013877,False
0.525056,100,2255.967671,False
0.400702,100,2259.905717,False
-10.393746,35,2261.295963,False
21.93032,76,2264.322957,True
-13.712238,57,2266.587356,False
2.827662,100,2271.247106,False
22.186616,100,2275.19915,True
-0.847314,100,2279.572041,False
1.264478,100,2294.993989,False
21.818007,83,2298.32313,True
1.356645,100,2303.71856,False
0.886911,100,2307.53489,False
21.655874,64,2309.996445,True
22.407201,89,2313.662423,True
1.3671,100,2317.600366,False
21.91414,99,2322.894257,True
2.02058,100,2327.417436,False
2.226726,100,2331.247195,False
1.767713,100,2335.062573,False
21.893174,49,2336.9414,True
22.651261,86,2340.249449,True
-10.849675,89,2343.669579,False
1.357125,100,2348.213435,False
22.082847,71,2350.855585,True
1.191978,100,2354.540022,False
-9.555039,68,2357.046082,False
0.494827,100,2360.737098,False
2.197586,100,2364.429,False
0.292584,100,2368.72644,False
1.784726,100,2372.445096,False
1.408611,100,2376.131069,False
22.128157,76,2378.990035,True
1.621679,100,2383.053508,False
-10.003016,92,2387.709193,False
0.634874,100,2391.530811,False
3.211986,100,2395.377063,False
0.979415,100,2405.866658,False
-10.348143,86,2409.063437,False
-11.113056,72,2411.728888,False
-0.819609,100,2416.055853,False
0.662125,100,2419.742635,False
-10.254248,84,2422.844939,False
0.930753,100,2426.540004,False
23.272311,63,2428.859856,True
1.130517,100,2433.183718,False
22.216852,62,2435.477362,True
1.869229,100,2439.187388,False
1.228923,100,2442.900621,False
0.92371,100,2446.625452,False
0.838342,100,2450.369183,False
21.813789,84,2454.084749,True
0.649577,100,2457.780959,False
0.631007,100,2461.494556,False
1.517666,100,2465.327524,False
1.134809,100,2469.141686,False
0.966286,100,2473.595623,False
1.881757,100,2477.419911,False
1.810047,100,2481.292,False
1.075975,100,2485.117336,False
1.317594,100,2488.939832,False
1.572572,100,2493.405074,False
21.483318,51,2495.536857,True
22.193929,52,2498.121913,True
-0.391597,100,2509.103769,False
21.838457,78,2512.271273,True
1.508645,100,2516.09278,False
0.690902,100,2520.533619,False
1.020112,100,2524.352388,False
1.065987,100,2528.246632,False
1.192907,100,2532.044071,False
1.559282,100,2535.902547,False
21.607846,74,2538.711175,True
1.746249,100,2543.404396,False
22.124096,40,2544.982881,True
21.58104,76,2547.961478,True
21.946137,73,2550.83272,True
1.824322,100,2554.712946,False
22.130275,69,2557.354596,True
2.562741,100,2561.819916,False
-8.806146,88,2565.181447,False
22.23024,82,2568.306112,True
2.369277,100,2572.124833,False
2.090383,100,2575.929434,False
22.633498,92,2579.443812,True
1.362342,100,2583.875324,False
1.085612,100,2587.659731,False
2.242107,100,2591.471642,False
1.319961,100,2595.281377,False
1.279835,100,2599.08658,False
0.77205,100,2603.525221,False
1.671947,100,2607.332377,False
22.181445,63,2616.622875,True
1.097669,100,2620.263642,False
22.507343,91,2623.433973,True
0.758545,100,2626.923976,False
0.806118,100,2631.055111,False
1.435262,100,2634.624958,False
22.428354,97,2638.177239,True
1.001838,100,2641.841835,False
0.857699,100,2645.532253,False
0.823058,100,2649.8215,False
0.573461,100,2653.581944,False
3.410385,100,2657.427395,False
0.565529,100,2661.225461,False
22.466282,50,2663.123218,True
1.633276,100,2667.54266,False
1.480872,100,2671.360229,False
2.381529,100,2675.180431,False
22.74772,58,2677.374898,True
0.970171,100,2681.175832,False
2.992177,100,2684.984494,False
1.486162,100,2689.405769,False
2.637679,100,2693.2233,False
-10.535849,61,2695.541724,False
1.702425,100,2699.361842,False
1.94626,100,2703.180548,False
-0.465063,100,2707.616895,False
-8.675808,84,2717.001517,False
2.168467,100,2720.511176,False
-8.338971,76,2723.139731,False
-10.684183,97,2726.484835,False
22.211265,65,2728.875816,True
21.377851,64,2731.139767,True
1.224737,100,2735.294183,False
0.98059,100,2738.857211,False
-10.126349,92,2742.299433,False
22.027291,82,2745.492302,True
2.235082,100,2750.137739,False
-9.829739,93,2755.073573,False
2.891369,100,2759.409128,False
22.088072,71,2762.67237,True
1.44486,100,2766.698579,False
22.62109,85,2770.061967,True
23.416012,95,2773.848733,True
22.304518,88,2778.234139,True
1.762209,100,2782.558648,False
22.277463,64,2785.107546,True
1.359778,100,2789.201326,False
1.415352,100,2794.0611,False
0.968646,100,2799.843351,False
1.071392,100,2804.38082,False
-8.642225,98,2808.622153,False
2.0236,100,2812.860559,False
22.313386,91,2816.495809,True
-10.058138,91,2820.092353,False
2.172774,100,2832.217256,False
22.776186,77,2835.206545,True
1.249821,100,2838.777657,False
22.005075,83,2841.766434,True
1.657782,100,2845.346411,False
21.820071,66,2848.296769,True
1.727127,100,2851.9267,False
22.621126,95,2855.352037,True
0.803115,100,2859.317771,False
0.554506,100,2863.619294,False
1.287811,100,2868.333766,False
1.550455,100,2874.220556,False
22.649268,99,2879.115903,True
1.487673,100,2883.716462,False
22.891141,93,2888.081276,True
1.867607,100,2892.399915,False
0.778073,100,2897.45929,False
21.463765,71,2900.879206,True
3.049977,100,2905.16944,False
-7.531819,100,2909.243552,False
0.760455,100,2913.359848,False
2.033339,100,2918.169401,False
22.334085,79,2921.725825,True
-9.492156,98,2925.899479,False
0.856018,100,2930.305749,False
1.726512,100,2934.176683,False
1.55717,100,2947.997082,False
0.378488,100,2952.664178,False
-11.669823,94,2956.220539,False
22.086603,74,2959.049279,True
-8.418192,51,2961.123764,False
23.832668,93,2965.147008,True
-2.01628,100,2968.889625,False
21.953228,63,2971.821105,True
1.528171,100,2975.714777,False
0.923715,100,2979.423526,False
21.943592,90,2983.064426,True
22.424768,82,2986.173243,True
1.356025,100,2990.520089,False
-11.632542,92,2993.998915,False
-11.640778,84,2997.338457,False
1.067933,100,3001.200658,False
1.48063,100,3005.025177,False
1.873771,100,3009.005167,False
1.360018,100,3013.791455,False
1.609288,100,3018.169745,False
0.925754,100,3022.00293,False
22.657217,77,3024.96555,True
21.546067,30,3026.114589,True
21.600913,51,3028.1399,True
1.168323,100,3033.008884,False
22.367894,97,3037.398855,True
22.4758,75,3040.474234,True
22.268064,64,3043.122907,True
20.903369,55,3045.428048,True
-10.913016,77,3048.629596,False
22.254684,59,3059.63676,True
-10.588896,99,3064.352734,False
21.447125,61,3066.640146,True
22.286543,71,3069.283606,True
22.949314,81,3072.493967,True
22.233265,63,3074.850995,True
2.517395,100,3078.58525,False
-9.29247,96,3082.387987,False
22.958825,75,3085.977308,True
22.587477,52,3087.928214,True
-9.941427,35,3089.229247,False
-0.113308,100,3093.144197,False
23.081332,95,3096.937647,True
21.842443,47,3098.77134,True
22.950942,88,3102.261817,True
22.040846,72,3106.635996,True
-10.439025,64,3109.160591,False
-2.035743,100,3113.126279,False
-11.979151,77,3116.266878,False
1.437626,100,3120.133053,False
21.940709,80,3123.453606,True
-14.059691,69,3126.764262,False
-9.905585,85,3130.264068,False
1.16461,100,3134.130336,False
22.858179,88,3137.514994,True
21.881681,67,3140.088801,True
-9.759857,90,3143.569741,False
22.233054,55,3146.322137,True
22.145179,49,3148.253388,True
1.056692,100,3152.235215,False
22.942938,77,3155.266085,True
1.245523,100,3160.010405,False
22.874498,64,3169.385016,True
0.304293,100,3172.855681,False
1.907989,100,3177.144026,False
-0.632441,100,3180.647617,False
-12.732932,99,3184.191137,False
22.155116,47,3185.873012,True
22.06688,77,3188.694736,True
-9.281348,71,3191.404705,False
1.929007,100,3195.729165,False
-0.42198,100,3199.424619,False
1.093979,100,3203.137622,False
21.293495,36,3204.478025,True
-12.732446,80,3207.443889,False
21.74458,81,3210.527812,True
-9.641682,88,3214.622446,False
22.973105,84,3217.81761,True
3.123112,100,3221.878767,False
22.389461,67,3224.454641,True
21.826802,64,3226.918372,True
-8.987143,98,3230.762248,False
2.605045,100,3235.253555,False
22.253272,71,3237.969475,True
-9.23123,85,3241.20987,False
2.681705,100,3245.195132,False
-9.101315,94,3249.289572,False
1.692519,100,3253.163664,False
-13.383329,96,3257.5335,False
1.109466,100,3261.254347,False
2.345188,100,3265.007503,False
0.761429,100,3276.250232,False
2.506685,100,3279.714195,False
1.449947,100,3283.759507,False
23.225489,72,3286.263794,True
-10.456779,97,3290.10435,False
-12.935451,57,3292.142974,False
-11.900518,93,3295.489926,False
22.844949,78,3298.379159,True
22.714304,83,3302.05258,True
22.290339,66,3304.501423,True
22.436055,72,3307.170226,True
21.636517,37,3308.637379,True
22.263871,86,3311.803525,True
22.16523,67,3314.283309,True
-9.510117,100,3318.238492,False
22.436702,73,3321.719705,True
22.552468,76,3324.644232,True
1.688188,100,3328.486798,False
-7.800048,86,3331.792679,False
1.537042,100,3335.613449,False
22.263561,67,3338.175698,True
0.662618,100,3342.634697,False
22.558464,72,3345.413266,True
0.940996,100,3349.214724,False
21.673805,99,3352.906543,True
21.171629,63,3355.265484,True
-8.233386,95,3358.798038,False
2.246472,100,3363.109045,False
21.658502,56,3365.175311,True
22.919758,85,3368.313399,True
-10.119289,68,3378.184825,False
22.538352,57,3380.117644,True
-8.75842,85,3382.979265,False
1.222858,100,3386.41755,False
22.384131,80,3389.82474,True
2.284375,100,3393.463029,False
1.170539,100,3397.070548,False
-10.138452,100,3400.684427,False
0.898712,100,3404.385833,False
23.138944,75,3407.768045,True
1.320174,100,3411.518645,False
22.503859,72,3414.206463,True
21.830296,45,3415.882501,True
22.279795,59,3418.146463,True
21.756858,64,3420.51384,True
21.824683,89,3423.968076,True
20.955627,27,3424.966832,True
22.233979,74,3428.343225,True
22.187711,51,3430.455914,True
0.29938,100,3434.256937,False
-3.049856,100,3437.962425,False
-11.972193,92,3441.372121,False
22.474668,55,3443.41961,True
22.209416,81,3447.035482,True
-0.322255,100,3450.748532,False
21.75128,68,3453.273017,True
-13.909624,86,3456.480348,False
22.699989,96,3460.038712,True
21.989233,75,3462.819511,True
2.721085,100,3467.122391,False
22.66504,78,3470.017991,True
2.237499,100,3481.214442,False
22.232971,97,3484.606921,True
0.973335,100,3488.08869,False
22.81133,85,3491.038122,True
-9.770513,100,3495.073673,False
-0.280656,100,3498.697225,False
1.042602,100,3502.323016,False
1.136097,100,3505.920099,False
1.905577,100,3509.549217,False
0.890529,100,3513.877104,False
2.945844,100,3517.583168,False
22.157147,60,3519.98234,True
1.580868,100,3523.756342,False
1.002143,100,3527.567332,False
-11.176457,38,3528.996536,False
-1.617093,100,3533.443697,False
1.958709,100,3537.161896,False
2.030443,100,3540.913104,False
2.105851,100,3544.630296,False
0.908286,100,3548.350611,False
22.487749,77,3551.926311,True
-10.790269,100,3555.644578,False
22.138926,65,3558.086382,True
-9.599622,84,3561.198681,False
23.170498,84,3564.31439,True
2.350143,100,3567.998557,False
-10.661347,89,3571.781502,False
-12.276892,90,3575.042277,False
22.915472,89,3584.280263,True
-1.175549,100,3587.690257,False
1.164597,100,3591.072707,False
22.320822,60,3593.190177,True
1.219663,100,3597.347818,False
3.390104,100,3600.930948,False
22.459683,62,3603.160475,True
1.732987,100,3606.76948,False
-10.252762,95,3610.171228,False
1.865898,100,3613.892182,False
22.379331,81,3617.62443,True
-13.743854,85,3620.787148,False
3.139468,100,3624.504356,False
23.187835,78,3627.401607,True
-10.80131,83,3630.503439,False
0.219495,100,3634.839548,False
-8.430324,84,3637.962143,False
1.012622,100,3641.668172,False
-8.949416,90,3645.007849,False
2.036342,100,3648.758695,False
1.197375,100,3652.532619,False
0.755619,100,3656.87246,False
1.428265,100,3660.601156,False
1.361554,100,3664.278365,False
0.746626,100,3667.874417,False
23.042726,96,3671.32504,True
22.446535,91,3675.196385,True
2.480554,100,3686.080464,False
1.823695,100,3689.372113,False
23.058792,93,3692.55464,True
22.092651,53,3694.406678,True
2.815905,100,3697.92992,False
1.485577,100,3702.18982,False
0.945463,100,3705.784544,False
22.341839,82,3708.737242,True
0.535728,100,3712.337427,False
22.049876,55,3714.377934,True
22.172616,76,3717.358754,True
22.307034,90,3721.336945,True
2.176291,100,3725.052731,False
22.651162,70,3727.735449,True
1.715729,100,3731.444584,False
1.968834,100,3735.143463,False
21.907831,62,3737.447373,True
-9.352584,100,3741.807362,False
21.548185,62,3744.15997,True
2.115223,100,3747.871508,False
1.02259,100,3751.581908,False
-11.865372,99,3755.243857,False
1.111361,100,3759.560998,False
1.558986,100,3763.275168,False
1.695459,100,3766.905871,False
22.816476,62,3769.136075,True
2.181031,100,3772.731031,False
1.133432,100,3776.366087,False
-8.974893,75,3785.866284,False
22.531166,93,3789.013243,True
22.711831,63,3791.141085,True
2.024102,100,3794.62022,False
22.647156,96,3797.961924,True
2.847995,100,3802.116585,False
-10.230048,31,3803.231207,False
-0.47084,100,3806.829555,False
0.320274,100,3810.416165,False
22.21579,59,3812.528638,True
22.150758,67,3814.940724,True
1.924992,100,3818.604836,False
-10.476047,67,3821.860371,False
21.804256,85,3825.023738,True
1.231266,100,3828.742879,False
1.370981,100,3832.446731,False
1.847915,100,3836.180151,False
1.230562,100,3839.901928,False
1.126598,100,3844.217504,False
2.082469,100,3847.939912,False
1.01541,100,3851.775264,False
-9.626534,93,3855.220473,False
-9.848621,100,3858.957066,False
-10.25188,92,3862.915542,False
0.790928,100,3866.505646,False
-9.142006,94,3869.886379,False
-9.153724,97,3873.382711,False
22.93085,73,3876.004806,True
2.930937,100,3887.507538,False
22.877113,83,3890.224663,True
22.504191,79,3892.895003,True
-10.477763,41,3894.329089,False
2.213184,100,3897.81441,False
1.381944,100,3901.393929,False
-13.057529,33,3902.585036,False
21.934897,81,3906.089415,True
1.519536,100,3909.680128,False
21.552433,77,3912.474942,True
1.531299,100,3916.098141,False
1.184926,100,3919.803539,False
21.77087,78,3922.698826,True
21.125295,42,3924.866769,True
1.681571,100,3928.57788,False
23.29344,94,3932.074531,True
21.938301,53,3934.042131,True
0.953133,100,3937.750108,False
1.192709,100,3941.46293,False
2.802327,100,3945.778961,False
-10.718719,98,3949.422444,False
0.243029,100,3953.157175,False
23.076497,88,3956.63348,True
1.442715,100,3960.299553,False
22.02949,68,3962.745822,True
23.172867,85,3966.381203,True
22.217649,93,3969.721628,True
1.178802,100,3973.303193,False
1.055179,100,3976.916094,False
1.719373,100,3986.799916,False
21.988046,73,3989.814191,True
22.68829,64,3991.965033,True
-9.142245,54,3993.800581,False
0.068124,100,3997.23775,False
-12.558668,32,3998.3446,False
2.570192,100,4001.865751,False
-9.949858,51,4003.690985,False
22.270221,91,4007.539012,True
22.862679,83,4010.526775,True
-9.507713,97,4014.01999,False
1.719466,100,4017.656785,False
3.365172,100,4021.359078,False
-9.239035,100,4025.06667,False
22.198133,64,4028.043578,True
0.895513,100,4031.750356,False
22.525032,63,4034.085648,True
-13.906021,32,4035.263504,False
1.21671,100,4038.964305,False
22.028625,58,4041.112534,True
22.358419,74,4043.884697,True
0.164169,100,4048.304642,False
22.118496,78,4051.200374,True
22.711558,82,4054.245834,True
0.756859,100,4057.951554,False
22.038705,45,4059.567043,True
22.238376,80,4062.437946,True
23.191676,86,4066.118226,True
22.997727,93,4069.459335,True
-10.943462,93,4072.795759,False
22.520368,84,4075.814215,True
1.30959,100,4085.235275,False
22.861503,98,4088.56039,True
21.714788,35,4090.30507,True
22.101071,69,4092.640874,True
0.846018,100,4096.084886,False
1.168328,100,4099.559259,False
2.851127,100,4103.142611,False
-10.705626,96,4106.603388,False
22.811495,63,4109.467512,True
21.893686,59,4111.586444,True
-11.477246,82,4114.53626,False
23.54647,78,4117.336233,True
22.135596,60,4119.493664,True
22.22877,58,4121.77271,True
22.201318,79,4124.704678,True
1.462951,100,4129.145154,False
21.834577,31,4130.298933,True
22.449062,65,4132.732143,True
22.492734,85,4135.923819,True
2.94782,100,4139.647824,False
21.96003,82,4142.714478,True
-0.841192,100,4146.417095,False
23.383602,80,4150.013998,True
1.872372,100,4153.72154,False
-9.808084,85,4156.885597,False
0.792729,100,4160.538969,False
22.241566,59,4162.656721,True
-0.627282,100,4166.250109,False
1.622423,100,4170.422861,False
-11.402216,26,4171.370827,False
2.235738,100,4174.962154,False
0.792614,100,4185.66878,False
1.681917,100,4188.971966,False
0.690904,100,4192.292483,False
0.679851,100,4196.309278,False
1.430199,100,4199.801653,False
21.344791,28,4200.810493,True
1.270444,100,4204.409494,False
2.804403,100,4207.993317,False
1.052062,100,4212.178502,False
1.854735,100,4215.762779,False
22.31168,57,4217.799989,True
2.432642,100,4221.463798,False
2.511312,100,4225.175076,False
21.626293,68,4227.69631,True
21.908254,63,4230.045014,True
-8.455174,98,4234.314069,False
1.77039,100,4238.037235,False
22.417533,49,4239.84909,True
22.358194,72,4242.519851,True
21.791804,67,4245.006194,True
-9.487493,87,4248.238773,False
1.759703,100,4252.545562,False
23.102417,86,4255.752066,True
22.400948,76,4258.529343,True
-11.642794,50,4260.323371,False
2.708317,100,4263.914728,False
1.220974,100,4267.49008,False
1.670122,100,4271.68997,False
23.357254,70,4274.20191,True
-0.468457,100,4284.526543,False
21.63961,69,4286.867915,True
0.818673,100,4290.236503,False
0.776815,100,4293.62144,False
22.69602,65,4296.393016,True
22.331825,94,4299.666515,True
22.415639,65,4301.957832,True
1.15161,100,4305.547636,False
22.026527,75,4308.233285,True
22.181465,93,4311.572063,True
-1.773822,100,4315.774161,False
21.633809,63,4318.097153,True
22.555122,75,4320.788573,True
-9.096153,64,4323.167039,False
1.235155,100,4326.853908,False
1.3085,100,4330.555258,False
22.01758,80,4334.135496,True
22.837244,75,4336.910459,True
-9.161722,89,4340.203666,False
2.559017,100,4343.913201,False
1.664022,100,4347.624908,False
-1.287125,100,4351.336692,False
21.864371,59,4354.14033,True
1.258221,100,4357.829636,False
21.19524,31,4358.973358,True
0.19905,100,4362.558048,False
23.085303,70,4365.081174,True
1.252721,100,4368.692668,False
22.132489,64,4371.1065,True
2.196995,100,4375.309658,False
22.648999,80,4385.082781,True
2.038489,100,4388.353377,False
22.214122,49,4389.95946,True
21.646531,69,4392.279502,True
-7.980179,95,4395.589147,False
2.018006,100,4399.638383,False
2.157809,100,4403.215799,False
1.25166,100,4406.79728,False
2.490115,100,4410.376516,False
1.89835,100,4413.976507,False
2.389766,100,4418.162196,False
1.317169,100,4421.932813,False
0.97637,100,4425.646859,False
21.917926,75,4428.431308,True
22.830165,81,4431.425778,True
22.114194,66,4433.889944,True
21.539172,55,4436.528131,True
22.161657,65,4438.950188,True
1.890103,100,4442.68629,False
2.612359,100,4446.376674,False
-17.093093,55,4448.414173,False
21.852699,57,4450.526037,True
1.24268,100,4454.226145,False
-9.393536,89,4458.049256,False
22.023551,82,4460.977946,True
1.074336,100,4464.56008,False
22.021295,62,4466.770161,True
-9.945823,92,4470.076389,False
22.421467,85,4473.115458,True
22.272304,66,4476.089328,True
-8.794701,86,4485.442436,False
21.730289,64,4487.576777,True
2.43996,100,4490.894442,False
-8.40511,89,4494.143541,False
-11.357103,31,4495.218456,False
1.638776,100,4499.295575,False
22.534158,77,4502.020715,True
-1.03298,100,4505.600601,False
-1.162165,100,4509.181351,False
1.408111,100,4512.769771,False
3.282025,100,4516.365261,False
22.618475,61,4519.148921,True
1.624691,100,4522.740502,False
3.270147,100,4526.477331,False
2.308067,100,4530.190152,False
2.248121,100,4533.949291,False
22.251626,83,4537.632654,True
22.349271,71,4540.258908,True
23.34882,94,4543.751635,True
2.741342,100,4547.465193,False
22.097566,54,4549.475007,True
21.35013,62,4551.811502,True
-11.352909,64,4554.213149,False
1.437781,100,4558.496661,False
1.771127,100,4562.177766,False
-8.415962,81,4565.143525,False
1.099355,100,4568.736693,False
22.460584,84,4571.755014,True
0.738077,100,4575.344047,False
22.760875,92,4585.290517,True
2.412929,100,4588.573729,False
22.164529,77,4591.135327,True
23.462943,97,4594.539282,True
22.960964,92,4597.789328,True
22.074457,61,4600.575868,True
2.153631,100,4604.189142,False
1.24367,100,4607.832844,False
22.791532,77,4610.603565,True
3.18458,100,4614.21292,False
-11.394573,32,4615.365894,False
-10.174706,91,4618.786405,False
1.127255,100,4622.970051,False
-10.993283,75,4625.656477,False
-13.352797,67,4628.092357,False
2.462871,100,4631.834272,False
1.258007,100,4635.552409,False
0.777971,100,4639.855195,False
22.44183,88,4643.1189,True
2.027115,100,4646.823955,False
1.723764,100,4650.53557,False
1.76108,100,4654.245742,False
22.358277,66,4656.677729,True
1.654365,100,4660.91609,False
21.49202,71,4663.466364,True
-9.3772,78,4666.284652,False
21.732298,67,4668.678841,True
1.155429,100,4672.25633,False
23.510288,73,4674.903292,True
1.938267,100,4685.466797,False
22.431348,69,4687.733169,True
1.198078,100,4691.039579,False
21.87116,72,4693.529308,True
21.461306,64,4695.757481,True
2.308821,100,4699.24746,False
1.719545,100,4703.425636,False
23.085698,87,4706.550696,True
22.082184,57,4708.60232,True
1.180902,100,4712.187137,False
21.559126,65,4714.514772,True
22.472051,98,4718.023386,True
2.919754,100,4722.356385,False
0.982986,100,4725.97397,False
23.204396,70,4728.482976,True
-8.852796,100,4732.084603,False
21.540087,65,4734.502879,True
1.952846,100,4738.215287,False
23.245018,94,4742.320447,True
21.913618,78,4745.213976,True
2.525954,100,4748.916915,False
22.137468,75,4751.70128,True
22.350734,78,4754.591489,True
22.869131,79,4757.524631,True
1.818437,100,4761.7693,False
-11.762851,65,4764.114477,False
22.437804,73,4766.71902,True
22.687108,64,4769.03002,True
23.126583,75,4771.715234,True
22.469472,78,4774.516836,True
21.437405,72,4782.770078,True
22.35793,71,4785.649282,True
22.793153,84,4788.421368,True
21.126227,60,4790.451223,True
2.402403,100,4793.942434,False
1.342162,100,4797.437396,False
22.488115,80,4800.317564,True
23.370174,78,4803.703711,True
1.144486,100,4807.289881,False
1.782695,100,4810.878315,False
22.25628,90,4814.107773,True
22.563012,72,4816.691756,True
21.541156,65,4819.032866,True
0.755957,100,4823.228028,False
21.846883,48,4824.955945,True
2.143371,100,4828.545367,False
22.944693,59,4830.669254,True
22.142039,41,4832.209384,True
2.042229,100,4835.946086,False
-12.41355,80,4838.909513,False
21.532142,27,4839.910778,True
22.991149,80,4843.486993,True
21.652601,73,4846.186864,True
22.919193,97,4849.776848,True
2.505173,100,4853.491221,False
2.818625,100,4857.217211,False
2.837992,100,4861.470317,False
22.442121,87,4864.58308,True
1.391022,100,4868.175505,False
-9.586035,63,4870.450186,False
3.174617,100,4874.04161,False
22.108529,78,4881.796218,True
-0.33015,100,4885.786207,False
22.988972,86,4888.706727,True
-13.415817,92,4891.819811,False
22.304462,79,4894.579845,True
0.897057,100,4898.037378,False
-9.518025,100,4901.622112,False
21.821058,66,4904.581972,True
22.111764,56,4906.589823,True
-10.495921,82,4909.528638,False
22.677795,70,4912.050675,True
21.556301,64,4914.361189,True
1.104956,100,4917.982805,False
22.510258,90,4921.243956,True
22.827009,51,4923.670409,True
22.576796,65,4926.004958,True
-8.505573,86,4929.086152,False
23.252295,94,4932.448021,True
21.500759,27,4933.422781,True
-7.668584,88,4936.587266,False
2.340614,100,4940.391877,False
2.019687,100,4944.972423,False
2.231648,100,4950.74349,False
22.856917,77,4954.125913,True
-10.313511,84,4958.045264,False
23.590087,95,4963.147671,True
-8.549654,64,4966.819297,False
22.423317,81,4972.917719,True
1.949071,100,4977.478451,False
1.083283,100,4981.946593,False
20.872205,23,4982.915556,True
-9.577504,71,4993.011984,False
-0.34077,100,4999.228454,False
2.07509,100,5005.622979,False
2.672219,100,5011.765842,False
22.055902,61,5015.328316,True
-12.015255,41,5017.759393,False
-0.257366,100,5022.469748,False
21.960605,62,5025.064786,True
21.921067,70,5027.906007,True
21.303671,75,5031.605014,True
22.322967,85,5035.406453,True
2.560582,100,5040.776718,False
22.292831,67,5044.032235,True
-0.247335,100,5048.077511,False
1.971314,100,5052.619881,False
22.173947,67,5056.374202,True
2.016099,100,5060.828811,False
2.824081,100,5065.270424,False
23.150126,62,5067.877509,True
23.022397,84,5071.304986,True
2.879953,100,5075.900107,False
-14.505357,28,5077.04834,False
22.174874,51,5079.133847,True
-0.683127,100,5083.21796,False
0.753479,100,5087.224644,False
3.458182,100,5091.192851,False
-10.167844,75,5094.111732,False
-10.73476,70,5097.451536,False
2.380189,100,5101.319225,False
-0.358061,100,5105.370501,False
1.72428,100,5116.681722,False
21.33722,50,5118.517471,True
22.262031,79,5121.325709,True
3.282075,100,5125.429461,False
-9.572779,86,5128.515109,False
22.395827,66,5130.937055,True
22.613504,67,5133.435046,True
21.922246,33,5134.643151,True
22.91894,99,5138.424134,True
21.72749,46,5140.172506,True
2.392235,100,5144.710015,False
21.897351,74,5148.002905,True
21.812791,82,5151.993777,True
22.072693,50,5154.210424,True
2.572293,100,5159.138319,False
-9.196236,93,5163.110653,False
0.815093,100,5169.427458,False
22.066436,67,5172.994211,True
22.209775,43,5175.25905,True
-10.061554,89,5179.239204,False
22.747092,75,5182.604169,True
-0.622434,100,5186.969679,False
-10.416421,57,5189.381319,False
21.884109,30,5190.683429,True
0.913792,100,5196.840277,False
2.43442,100,5201.454706,False
2.114546,100,5205.758362,False
23.238863,98,5210.107338,True
22.025246,74,5213.163798,True
23.43101,97,5219.566633,True
1.755711,100,5225.960648,False
3.097399,100,5238.511787,False
22.130283,89,5242.733314,True
-12.030491,86,5246.608626,False
1.153138,100,5251.111438,False
1.352165,100,5255.981057,False
-9.170188,81,5259.216696,False
0.263296,100,5263.284646,False
23.253223,71,5266.097513,True
-11.460563,46,5267.990441,False
1.356726,100,5272.019788,False
-12.001842,26,5273.096496,False
22.225269,97,5278.018845,True
22.120118,65,5280.698617,True
1.585758,100,5284.847511,False
22.524154,69,5287.635895,True
2.283071,100,5291.775314,False
23.159869,86,5295.373594,True
1.98926,100,5300.969303,False
2.640326,100,5305.193387,False
-10.707356,29,5306.340769,False
-11.715932,54,5309.367747,False
1.767794,100,5313.320635,False
1.989024,100,5317.667469,False
-0.448743,100,5324.069337,False
22.592058,53,5326.661064,True
22.196855,68,5329.430113,True
1.630357,100,5334.124893,False
0.696091,100,5338.024269,False
3.226776,100,5342.066808,False
21.659106,57,5344.912431,True
1.477249,100,5349.171822,False
22.807837,92,5362.678215,True
-11.675584,55,5364.744994,False
22.742064,70,5367.332126,True
23.046836,97,5370.928254,True
22.570735,85,5374.867366,True
3.004224,100,5378.506634,False
-11.30884,20,5379.226613,False
3.209023,100,5383.000629,False
2.185748,100,5386.672879,False
1.668831,100,5390.278826,False
1.589754,100,5394.453537,False
1.994193,100,5398.12005,False
2.313182,100,5401.613465,False
1.794198,100,5405.098746,False
22.815993,87,5408.130948,True
23.174047,92,5413.85806,True
1.700497,100,5418.289233,False
23.055309,99,5421.930166,True
2.169264,100,5425.620324,False
22.2657,79,5428.862698,True
1.891534,100,5433.447119,False
-10.739958,45,5435.806547,False
22.219945,61,5439.019539,True
22.434119,76,5442.267251,True
-9.181553,76,5445.301225,False
22.286744,77,5448.481791,True
23.122213,79,5451.461456,True
2.447732,100,5455.579784,False
22.056766,68,5458.654451,True
22.717496,72,5466.927868,True
22.617058,72,5469.494697,True
3.044789,100,5475.152285,False
23.346906,80,5478.501679,True
22.230673,69,5481.273595,True
0.945209,100,5485.637091,False
22.390217,93,5489.260998,True
2.620662,100,5493.372577,False
23.033384,90,5497.164136,True
21.450255,66,5499.88635,True
1.251807,100,5503.869366,False
1.921624,100,5508.433533,False
22.625736,82,5511.553779,True
22.920785,84,5514.695704,True
1.750047,100,5518.474875,False
22.147524,67,5521.044883,True
23.327202,81,5524.151143,True
23.349465,90,5528.023038,True
23.274768,89,5531.40276,True
22.232955,63,5534.814944,True
22.760906,72,5537.997573,True
22.016931,72,5540.718928,True
22.174714,72,5543.377097,True
22.340665,81,5546.451478,True
2.855886,100,5550.796631,False
22.075536,46,5552.810948,True
3.451771,100,5556.52175,False
2.791728,100,5560.269987,False
22.290642,88,5565.750363,True
22.339186,67,5569.112323,True
22.305693,75,5578.70163,True
22.921535,76,5582.495099,True
1.795131,100,5588.250262,False
22.547286,78,5591.840043,True
21.646203,49,5593.709494,True
22.080806,77,5597.251891,True
22.664333,65,5599.999091,True
1.336059,100,5604.347888,False
-10.931857,69,5606.683646,False
21.706783,68,5609.096633,True
22.247302,58,5611.104454,True
22.561227,81,5614.343954,True
2.89075,100,5618.469015,False
22.132954,68,5621.210978,True
1.620652,100,5626.065947,False
22.57776,69,5628.631208,True
22.489903,56,5630.719586,True
22.425439,85,5634.151695,True
21.751893,73,5636.997207,True
21.709296,50,5639.31827,True
2.723593,100,5643.862932,False
22.09109,63,5646.254991,True
-15.189795,59,5648.963131,False
22.756679,84,5652.362952,True
22.223528,84,5655.222296,True
22.492874,70,5657.582027,True
21.798888,61,5659.648014,True
2.229576,100,5663.9379,False
22.360848,72,5667.753137,True
22.919021,85,5671.090872,True
22.193519,75,5673.855849,True
21.785038,61,5676.063472,True
22.210915,69,5678.560656,True
22.491594,99,5686.200104,True
1.778679,100,5690.304572,False
-10.051994,69,5692.788925,False
22.082816,72,5695.355974,True
22.214306,74,5698.013684,True
22.206521,86,5701.057592,True
22.110623,68,5703.512902,True
21.930433,77,5706.798118,True
1.115088,100,5710.677669,False
22.440042,87,5714.179429,True
0.861197,100,5718.621566,False
2.952009,100,5722.869422,False
0.70211,100,5726.524378,False
-13.092346,40,5728.525699,False
23.277256,95,5732.386764,True
2.627688,100,5736.166168,False
22.63098,58,5738.47852,True
22.552434,63,5740.784176,True
2.470555,100,5744.268699,False
21.910324,64,5746.632193,True
22.554164,99,5751.257384,True
21.999221,42,5752.887825,True
22.162276,81,5755.827549,True
22.857734,87,5759.021498,True
22.435637,79,5762.109701,True
2.498496,100,5765.716328,False
2.332887,100,5770.065052,False
22.516845,73,5773.361967,True
-10.479714,73,5776.340929,False
21.838371,83,5779.713548,True
22.735999,55,5782.036756,True
21.777913,43,5783.622399,True
22.346095,86,5791.526339,True
2.496404,100,5795.876725,False
2.866624,100,5800.129777,False
22.56216,67,5802.660404,True
2.722462,100,5806.342789,False
0.865885,100,5810.099643,False
2.233974,100,5814.362884,False
22.605053,66,5816.84875,True
22.642322,49,5818.762453,True
3.086712,100,5822.777414,False
22.663062,70,5825.558909,True
-8.89708,88,5829.205157,False
-10.703913,65,5831.788916,False
2.184261,100,5836.313408,False
-8.879279,49,5838.337784,False
22.509147,88,5842.057675,True
22.470426,84,5845.429062,True
22.019258,89,5848.986304,True
21.40586,74,5852.040833,True
22.581603,70,5854.794772,True
2.396568,100,5859.331761,False
21.944881,59,5861.689111,True
22.011656,59,5864.196898,True
22.683164,99,5867.942016,True
22.354301,75,5871.550782,True
23.075725,77,5875.399049,True
21.987462,52,5878.409658,True
22.343095,77,5881.310026,True
22.358678,71,5884.166486,True
22.83514,46,5885.79063,True
-10.785699,88,5888.799335,False
22.296625,39,5890.094884,True
-10.391856,93,5897.788495,False
23.138487,53,5899.822325,True
22.859183,77,5902.965883,True
2.976811,100,5906.385302,False
22.592008,93,5909.535201,True
-12.445067,45,5911.047913,False
21.920526,77,5913.649396,True
3.713202,100,5917.000262,False
22.38825,95,5921.088144,True
0.927585,100,5924.605955,False
-13.176245,34,5925.840311,False
22.083804,70,5929.038282,True
21.909923,60,5931.244788,True
21.837813,49,5933.040694,True
22.632455,69,5935.83066,True
2.525017,100,5940.199866,False
22.390861,78,5943.87906,True
23.689799,94,5948.268807,True
-1.046369,100,5951.703559,False
22.229706,52,5954.136272,True
1.533254,100,5958.159277,False
2.385044,100,5962.33937,False
0.580529,100,5965.909375,False
22.592656,95,5969.388922,True
-8.137931,83,5972.399403,False
21.750326,65,5974.758731,True
-8.695302,79,5977.671347,False
21.371131,46,5979.330687,True
-9.273998,92,5983.364128,False
22.613387,89,5986.624577,True
2.131268,100,5990.771338,False
-11.115472,79,5998.764295,False
0.111536,100,6002.600935,False
22.582116,88,6006.529581,True
3.048914,100,6010.297075,False
22.546367,78,6013.143764,True
1.046323,100,6016.991679,False
-9.807179,68,6019.630554,False
1.430671,100,6023.295311,False
22.223034,74,6026.472107,True
22.47984,87,6029.615827,True
22.889987,95,6034.334359,True
22.467116,70,6037.917412,True
22.914522,81,6040.909241,True
22.433519,65,6043.451303,True
23.050292,88,6046.432484,True
3.351337,100,6050.402239,False
3.236655,100,6055.080277,False
21.676361,66,6057.789273,True
2.697043,100,6061.520118,False
23.432423,88,6064.827243,True
-9.950574,88,6068.679219,False
23.461936,98,6072.393746,True
22.70915,78,6075.339358,True
-12.48207,49,6077.205737,False
-0.377697,100,6080.790148,False
21.937615,80,6083.744635,True
22.705572,65,6086.066035,True
23.340604,88,6089.935318,True
23.147594,84,6092.937806,True
22.390549,86,6101.124609,True
2.957066,100,6104.872271,False
22.017474,85,6108.069093,True
2.472576,100,6112.468378,False
22.078026,60,6114.75071,True
21.801102,52,6116.675402,True
22.593784,76,6119.768916,True
23.127783,80,6122.966354,True
1.229679,100,6126.622438,False
22.604501,69,6129.278564,True
22.643416,78,6132.872401,True
21.797596,62,6135.1539,True
23.060154,57,6137.28442,True
22.424913,66,6139.83665,True
22.086349,69,6142.434812,True
2.72973,100,6146.150724,False
-13.332161,88,6149.379097,False
-0.478261,100,6153.493237,False
-9.24758,80,6156.360724,False
22.71492,84,6159.598491,True
2.278933,100,6163.418025,False
23.819638,88,6167.357273,True
-9.86635,23,6168.192345,False
23.087342,75,6171.595317,True
1.64055,100,6175.854951,False
22.447176,68,6178.590941,True
22.363718,57,6180.66117,True
0.610236,100,6184.638917,False
23.300741,92,6188.169672,True
2.813878,100,6192.004881,False
23.369552,70,6195.167326,True
2.199086,100,6198.81463,False
22.363452,65,6206.990948,True
22.139819,46,6209.210241,True
22.529468,71,6212.704594,True
1.161647,100,6216.929567,False
1.795842,100,6221.400794,False
22.737639,72,6224.27995,True
21.564574,68,6226.831721,True
2.101979,100,6230.585014,False
23.063658,87,6233.863255,True
1.901167,100,6237.488817,False
23.009761,95,6241.690906,True
22.890511,74,6244.460197,True
22.41799,76,6247.023493,True
22.616785,79,6249.740034,True
22.376953,47,6251.340229,True
22.940037,90,6254.395209,True
22.631924,84,6257.260457,True
21.86155,69,6260.076234,True
-9.170227,88,6263.055933,False
22.86253,71,6265.435607,True
1.856981,100,6268.799602,False
21.918512,59,6271.946694,True
22.24328,70,6275.123211,True
22.446489,49,6277.140132,True
22.900858,84,6280.753123,True
22.394414,60,6282.973712,True
22.997868,75,6285.815271,True
3.709744,100,6289.570104,False
23.534573,86,6292.724842,True
2.935669,100,6296.409574,False
23.356355,94,6300.464539,True
21.803108,64,6307.248425,True
-12.115237,38,6308.557465,False
-17.166177,64,6310.727061,False
22.467653,69,6313.117228,True
22.533217,68,6316.473401,True
22.386666,66,6319.64819,True
21.923974,63,6322.860865,True
21.722127,67,6326.021385,True
2.773208,100,6330.458806,False
22.021516,74,6333.591235,True
1.058661,100,6337.621688,False
21.632031,71,6340.418754,True
21.800889,67,6343.012488,True
2.708519,100,6347.165656,False
-9.542946,96,6350.692403,False
23.889459,100,6354.58237,True
-10.540768,86,6357.81696,False
22.412682,66,6360.284046,True
2.024403,100,6364.142031,False
22.423314,82,6367.769069,True
-14.50706,54,6369.813042,False
23.242275,78,6372.70677,True
3.035467,100,6376.534698,False
22.563483,94,6379.932942,True
22.448179,65,6382.334834,True
22.895491,66,6385.302154,True
2.078876,100,6388.985839,False
22.997377,71,6391.608619,True
23.363859,79,6394.492538,True
23.347243,85,6397.772499,True
21.869083,70,6400.35574,True
22.329069,96,6403.952118,True
2.958824,100,6412.574041,False
22.347419,96,6416.157756,True
22.811503,88,6419.594007,True
2.739214,100,6423.594883,False
22.387736,78,6426.614606,True
3.030516,100,6430.92169,False
22.421864,78,6433.76039,True
22.490227,62,6436.174783,True
22.192266,88,6439.673286,True
22.628811,66,6442.205272,True
0.290737,100,6446.100109,False
22.220853,67,6448.897272,True
22.287032,59,6452.239495,True
-13.161784,58,6456.100632,False
23.224992,93,6460.697951,True
-9.276277,90,6464.71128,False
23.026335,95,6468.955377,True
22.986111,76,6472.139357,True
1.831866,100,6476.18508,False
23.422157,66,6478.79367,True
21.873459,64,6481.134633,True
2.099765,100,6484.33749,False
2.595361,100,6487.658092,False
22.529132,62,6489.64314,True
22.393153,67,6491.782793,True
22.51744,85,6495.229677,True
-1.878385,100,6498.449574,False
21.640303,56,6500.231155,True
-9.152248,78,6502.706408,False
21.661491,65,6504.772384,True
22.941175,93,6507.716983,True
22.388143,58,6514.709343,True
21.614044,43,6516.090068,True
22.029981,61,6518.156036,True
1.200654,100,6521.540727,False
22.206235,67,6523.682042,True
21.387843,64,6525.752721,True
23.382445,76,6528.248025,True
22.65908,84,6531.62553,True
1.493365,100,6535.072354,False
-1.400154,100,6538.527113,False
-9.569249,90,6541.631393,False
2.368305,100,6545.090549,False
-8.780765,75,6547.682201,False
22.810128,69,6551.759824,True
21.58334,58,6554.895884,True
23.37088,95,6558.763857,True
21.883575,87,6561.795634,True
2.662929,100,6565.401049,False
2.548118,100,6569.050853,False
2.38114,100,6573.099945,False
2.439522,100,6576.464824,False
22.786415,74,6578.936558,True
22.903115,76,6581.476848,True
22.801582,94,6584.635805,True
22.421205,76,6587.178239,True
-15.630965,64,6589.861885,False
22.28181,73,6592.391195,True
22.717186,69,6594.689979,True
22.860928,92,6597.760148,True
-10.65671,99,6601.06831,False
22.241594,61,6603.110926,True
22.048822,62,6610.755696,True
22.942426,56,6613.113794,True
-8.556163,71,6615.370903,False
22.398322,67,6617.55086,True
22.726655,78,6620.023795,True
22.641988,70,6622.347521,True
21.420244,39,6623.631358,True
0.302269,100,6626.894896,False
22.623233,75,6629.946714,True
22.350743,77,6632.5656,True
22.161761,50,6634.246334,True
21.914264,66,6636.452451,True
22.856454,75,6638.97631,True
2.415625,100,6642.421129,False
21.893866,86,6645.439313,True
21.802441,60,6648.072392,True
22.579141,79,6650.874053,True
-10.854341,28,6651.840283,False
22.682033,77,6654.479796,True
21.993117,76,6657.095337,True
-12.796809,38,6658.397118,False
2.684927,100,6662.20051,False
22.318883,92,6665.542549,True
-10.333466,95,6670.237439,False
23.410644,75,6673.508602,True
23.24778,69,6676.611525,True
21.802287,54,6678.590166,True
22.713841,80,6682.167072,True
22.56121,91,6687.244299,True
22.057507,61,6689.920958,True
22.825419,72,6692.384869,True
22.18764,63,6694.433901,True
22.850065,87,6697.490241,True
-12.341551,73,6700.469939,False
-0.28523,100,6709.775543,False
22.876057,85,6712.941444,True
2.153811,100,6717.247079,False
21.907053,72,6720.517244,True
22.812983,84,6723.417745,True
0.371726,100,6727.162089,False
-10.882392,88,6730.33219,False
-8.80155,89,6733.337845,False
22.772952,55,6736.058744,True
1.508537,100,6740.526017,False
22.291345,74,6743.780879,True
22.785804,61,6746.050602,True
22.204399,67,6748.560077,True
1.592417,100,6752.905306,False
23.087958,82,6756.881581,True
23.112181,64,6759.302346,True
22.804003,74,6762.145351,True
21.624083,65,6764.921544,True
0.669709,100,6769.491736,False
3.241205,100,6773.75927,False
23.144398,81,6777.11862,True
-7.243752,93,6781.693418,False
22.892803,65,6784.556037,True
22.135626,71,6788.037178,True
2.15029,100,6792.668602,False
22.167064,90,6796.785059,True
22.394734,75,6800.176728,True
2.006926,100,6804.757094,False
23.168631,62,6806.977518,True
22.506708,72,6809.479616,True
23.09736,73,6812.002254,True
-10.224841,93,6821.119887,False
22.50027,66,6823.228798,True
-12.227163,39,6824.466351,False
0.097662,100,6828.215386,False
-13.321214,90,6831.154517,False
1.225397,100,6834.513522,False
22.360491,64,6836.722808,True
23.526036,98,6840.121439,True
22.576837,66,6842.606778,True
23.242934,78,6846.012866,True
23.014465,84,6848.931305,True
22.529668,70,6851.455929,True
-2.671072,100,6854.928673,False
22.568124,64,6857.156344,True
-8.931316,96,6860.671834,False
22.242674,76,6863.879676,True
22.999053,80,6866.643335,True
21.672112,43,6868.137893,True
22.08761,53,6869.976408,True
22.503474,65,6872.225614,True
22.099615,71,6874.689238,True
22.840854,97,6878.048704,True
22.528951,74,6881.21196,True
21.797172,63,6883.405286,True
21.848046,55,6885.339424,True
23.203124,92,6888.525984,True
21.661939,67,6890.907436,True
22.634466,67,6893.483089,True
22.45118,69,6898.525533,True
22.875469,64,6901.190134,True
-10.533828,85,6904.870922,False
21.946994,47,6906.505348,True
-0.502011,100,6910.087004,False
22.207999,82,6918.498439,True
22.754643,92,6921.916545,True
0.282272,100,6926.267269,False
23.560715,74,6929.714815,True
23.400141,94,6933.350108,True
22.17087,98,6937.147212,True
21.940186,61,6939.899283,True
22.519903,78,6943.998585,True
1.82785,100,6948.152054,False
0.884439,100,6952.96895,False
22.434161,65,6955.433652,True
22.892649,59,6957.797701,True
21.495685,30,6958.977395,True
22.598743,62,6961.40283,True
23.338609,70,6964.07543,True
2.853129,100,6967.891901,False
-11.214431,26,6969.267549,False
21.667788,50,6972.175798,True
-15.329187,61,6974.539472,False
2.687232,100,6978.244356,False
1.447553,100,6981.827777,False
-10.04834,78,6984.633211,False
-12.061356,74,6987.399567,False
21.603777,63,6989.65811,True
22.724443,77,6993.801181,True
21.30146,66,6997.21719,True
22.814918,46,6999.077644,True
-8.726134,79,7002.033104,False
2.617323,100,7005.906798,False
22.361163,59,7008.120012,True
22.707756,50,7010.337786,True
21.210945,52,7012.294806,True
22.033593,64,7015.328084,True
21.91342,56,7017.362921,True
-11.885513,96,7026.68305,False
1.319703,100,7030.536392,False
-0.231019,100,7034.244714,False
-11.954372,84,7036.94401,False
-10.120052,39,7038.800341,False
21.393346,27,7039.764813,True
22.448609,67,7041.926602,True
22.03673,57,7043.794375,True
21.855578,70,7046.099333,True
21.530222,76,7048.64929,True
-9.086103,80,7051.400992,False
-10.834333,65,7053.715489,False
21.546181,52,7055.511364,True
22.198256,56,7058.017763,True
-0.740377,100,7061.516016,False
22.77369,71,7063.952634,True
22.113545,80,7066.941756,True
22.6283,66,7069.917606,True
21.7146,46,7071.593662,True
-0.182595,100,7075.963095,False
22.432643,58,7078.546632,True
22.13187,57,7080.637825,True
-18.971728,53,7083.107447,False
22.560639,77,7086.36267,True
22.55159,74,7089.720974,True
22.139413,64,7092.183118,True
-12.788442,27,7093.32154,False
23.049052,63,7096.056522,True
2.830887,100,7100.437165,False
3.369232,100,7103.878971,False
21.770927,63,7106.05532,True
23.083225,81,7109.112331,True
-1.168945,100,7113.91863,False
22.789181,94,7117.546544,True
22.997844,77,7121.006976,True
-9.856782,91,7129.845835,False
23.256783,88,7132.919901,True
22.96691,57,7134.847455,True
22.715911,51,7136.573974,True
21.719708,59,7138.599826,True
22.565265,69,7140.94802,True
2.01462,100,7144.91964,False
22.761232,73,7147.399362,True
22.314113,76,7149.995523,True
21.750992,33,7151.154131,True
22.305225,46,7152.717297,True
22.481861,52,7154.474435,True
-9.560582,84,7157.343973,False
22.389754,73,7159.810701,True
22.712351,61,7162.426918,True
22.527358,59,7164.411859,True
-13.7827,46,7166.080394,False
21.920011,53,7167.933504,True
21.967116,54,7169.84584,True
21.485297,67,7172.780137,True
22.174219,81,7175.578499,True
23.158272,74,7178.152373,True
21.704391,65,7181.183689,True
22.790825,71,7183.677467,True
-10.013339,66,7185.970461,False
22.236219,76,7188.702726,True
-8.803925,86,7191.61582,False
-12.220258,34,7192.766025,False
21.834843,59,7194.749761,True
22.365788,70,7197.167706,True
22.533405,61,7200.302412,True
-7.901742,84,7203.720308,False
-13.645335,99,7208.097175,False
-10.314635,47,7209.751233,False
21.781773,37,7211.062062,True
22.015079,37,7212.326467,True
23.149907,86,7215.286857,True
-8.110938,74,7218.427003,False
1.860229,100,7227.710342,False
21.594979,51,7229.470023,True
22.046244,67,7231.8068,True
22.978226,89,7234.946578,True
22.296823,71,7237.90317,True
22.265422,93,7241.479278,True
22.107354,70,7244.802842,True
22.194497,64,7247.492465,True
2.176793,100,7251.561119,False
22.216495,52,7253.512016,True
22.873485,61,7255.789761,True
21.78568,29,7256.961685,True
22.70898,60,7259.389258,True
0.904697,100,7263.3784,False
22.337512,51,7265.86445,True
21.768272,62,7268.118691,True
22.421112,96,7271.614562,True
22.626939,72,7274.296817,True
21.759083,55,7276.324029,True
2.866871,100,7280.004465,False
22.22177,51,7281.937676,True
22.213955,49,7284.688061,True
22.717989,65,7287.096312,True
21.909357,55,7289.085415,True
-10.057507,30,7290.163143,False
2.963647,100,7293.774553,False
22.803873,72,7296.361673,True
21.78789,68,7298.81763,True
23.437349,76,7301.561299,True
-14.324673,43,7303.710875,False
-14.195764,31,7304.836673,False
22.191051,57,7306.963496,True
22.344729,77,7309.735478,True
22.798789,87,7312.866187,True
22.514659,72,7315.458078,True
-8.073906,75,7318.160512,False
22.159862,73,7320.912912,True
21.790788,48,7329.96264,True
2.9397,100,7333.49247,False
21.904756,56,7335.444137,True
1.968013,100,7338.925164,False
22.098393,33,7340.076742,True
22.064875,77,7342.772117,True
22.319287,59,7344.828228,True
22.144306,79,7348.197605,True
21.971766,52,7350.076264,True
22.465488,58,7352.087657,True
21.676613,75,7354.698169,True
23.305253,90,7357.939655,True
22.469504,65,7360.290544,True
22.473207,93,7363.647213,True
22.842093,81,7367.155879,True
22.735689,83,7370.225688,True
22.83412,54,7372.167289,True
22.793141,99,7375.728288,True
22.201207,60,7377.928822,True
1.596024,100,7381.521864,False
22.164787,73,7384.182253,True
22.421093,80,7387.765337,True
22.403732,71,7390.435697,True
21.876765,60,7392.678749,True
22.988748,77,7395.538136,True
22.365713,68,7398.079287,True
22.275936,78,7400.981649,True
21.85806,96,7404.549583,True
22.16826,57,7407.339161,True
22.149864,55,7409.667155,True
22.276424,69,7412.240892,True
22.24412,86,7415.668129,True
-10.021539,77,7419.600877,False
22.62156,62,7422.729238,True
21.678362,62,7425.124436,True
22.563916,52,7431.845022,True
21.890249,76,7435.483279,True
21.666899,66,7438.167004,True
2.991423,100,7442.041096,False
22.649932,49,7443.940392,True
22.29903,67,7446.501129,True
22.031122,42,7448.009976,True
21.925371,59,7450.678651,True
22.337914,53,7452.705983,True
23.461413,76,7456.299698,True
0.308803,100,7460.049509,False
23.494767,100,7464.108447,True
21.729973,45,7465.772683,True
21.316756,64,7468.202229,True
21.843069,53,7470.160627,True
22.475919,60,7472.459853,True
21.90872,65,7475.580926,True
22.963762,45,7477.386945,True
22.547955,51,7479.461744,True
23.366668,91,7483.704545,True
22.206271,71,7487.312027,True
-7.945163,85,7491.159512,False
22.329719,57,7493.63181,True
22.32743,65,7496.399056,True
21.431335,66,7499.847381,True
22.517028,55,7502.24645,True
21.799534,53,7504.504315,True
22.776472,69,7507.325822,True
22.199514,57,7509.715226,True
21.74158,73,7512.776241,True
22.668246,68,7515.676625,True
20.543161,19,7516.435652,True
22.222212,39,7517.963135,True
22.285973,58,7521.028557,True
21.017918,45,7522.923203,True
23.572055,74,7526.24057,True
21.803977,54,7528.496455,True
21.928704,46,7530.480259,True
-12.458557,85,7534.033092,False
-11.771974,64,7543.206154,False
21.931875,52,7545.461954,True
22.85914,81,7549.652548,True
22.277844,55,7551.990065,True
21.79561,40,7553.650898,True
22.298082,52,7555.80195,True
21.929487,30,7557.104297,True
2.720353,100,7561.351641,False
21.096118,59,7563.835384,True
21.924767,71,7566.875123,True
22.010625,52,7569.541123,True
22.104497,58,7573.427204,True
-12.316751,55,7575.660417,False
-8.963642,60,7578.118322,False
22.64006,63,7580.631618,True
22.861524,66,7583.247263,True
22.33406,61,7585.679852,True
22.414698,76,7588.817354,True
21.818994,73,7591.816571,True
22.82145,53,7594.480054,True
22.489075,60,7596.780292,True
-13.20512,75,7599.672305,False
22.503431,88,7603.041245,True
21.842582,38,7604.445299,True
22.304566,72,7607.110117,True
22.10646,56,7609.187286,True
22.414896,82,7612.214642,True
1.626873,100,7616.52381,False
22.478911,56,7618.595282,True
22.655224,58,7620.769272,True
22.682716,74,7623.641705,True
21.431493,74,7626.491536,True
22.384711,75,7629.273601,True
-11.98906,65,7631.68168,False
21.763226,71,7634.906004,True
22.108441,69,7637.602916,True
22.662837,62,7639.914885,True
21.460932,61,7642.165151,True
21.979385,50,7644.012769,True
1.686006,100,7652.590059,False
22.541011,61,7654.772721,True
22.871155,76,7658.102794,True
-11.623603,56,7660.105437,False
21.671946,50,7661.916632,True
-7.867776,85,7664.965397,False
-8.893678,74,7667.631835,False
21.419333,59,7669.749356,True
21.907632,51,7671.586605,True
21.780752,55,7673.556663,True
22.267371,62,7675.788137,True
22.067339,52,7678.319319,True
21.357256,41,7679.842548,True
22.076702,64,7682.195033,True
22.186136,58,7684.336638,True
22.595097,62,7686.625923,True
21.586776,59,7688.813077,True
22.256627,69,7691.382036,True
2.421039,100,7695.076186,False
-10.763936,87,7698.907904,False
21.878721,48,7700.747778,True
22.346979,72,7703.508398,True
22.38972,57,7705.693112,True
-14.256868,81,7708.78319,False
22.578093,59,7711.049622,True
21.712517,63,7713.469061,True
2.215818,100,7717.925767,False
22.875836,74,7720.962879,True
-9.533834,45,7722.701886,False
21.936216,59,7724.972801,True
22.008042,72,7727.73338,True
22.318167,56,7729.881488,True
22.173697,78,7732.907421,True
22.458967,79,7735.93797,True
21.983098,50,7738.482118,True
21.784467,31,7739.667325,True
22.289474,54,7741.745555,True
21.718097,67,7744.320018,True
21.393698,65,7746.76182,True
22.594043,57,7754.783477,True
22.28545,71,7757.259514,True
22.317918,59,7759.306158,True
-9.153457,61,7761.995422,False
21.962151,56,7763.935286,True
22.125035,56,7765.872998,True
21.498973,70,7768.370675,True
21.681364,59,7770.488282,True
-9.117517,80,7773.367267,False
22.354461,59,7775.551478,True
21.802067,55,7777.595255,True
22.659339,61,7779.849612,True
-11.145421,90,7783.800331,False
21.579013,50,7785.661834,True
22.433907,50,7787.513866,True
21.743295,45,7789.193166,True
21.546598,42,7790.753104,True
22.565708,48,7792.57001,True
21.739915,66,7795.096917,True
22.878962,74,7797.969108,True
22.158921,63,7801.014591,True
-11.022299,46,7802.807094,False
22.400418,64,7805.27062,True
-9.744477,67,7807.827674,False
21.645725,56,7810.010254,True
21.089471,52,7812.014147,True
22.452622,55,7814.126571,True
22.384164,56,7816.277191,True
-10.599918,24,7817.211696,False
22.060052,74,7820.053672,True
23.612783,82,7823.834422,True
21.775963,70,7826.533261,True
22.183001,60,7828.827432,True
22.425916,59,7831.090437,True
23.175642,63,7833.522987,True
21.634293,64,7835.994059,True
22.886407,73,7838.797521,True
22.503279,70,7842.124197,True
-11.46699,81,7845.259306,False
22.604631,75,7848.085358,True
22.971946,73,7856.885682,True
-9.591777,61,7859.200355,False
21.580405,47,7861.088248,True
-13.599307,95,7864.830355,False
21.887616,37,7866.348983,True
22.720348,61,7869.248521,True
21.481788,63,7871.581543,True
-13.479367,68,7874.66839,False
22.598038,68,7878.957515,True
21.526521,63,7882.176928,True
22.63125,73,7886.090244,True
22.471992,78,7889.94046,True
21.547441,67,7892.832013,True
22.221636,69,7896.533526,True
22.052223,37,7898.064786,True
22.781959,60,7900.851967,True
22.218186,70,7904.096663,True
21.863514,55,7906.556362,True
22.474225,51,7908.871729,True
21.598005,53,7911.473613,True
22.562344,61,7914.229022,True
22.577991,51,7916.504812,True
21.652449,55,7919.560829,True
22.425867,56,7922.00492,True
22.483576,64,7924.874263,True
22.521508,56,7927.253344,True
-13.408639,100,7931.486266,False
22.39654,60,7933.884417,True
21.742656,70,7936.666313,True
-12.61983,50,7938.77126,False
21.747829,53,7941.514742,True
21.883959,66,7944.073307,True
-1.007899,100,7947.915166,False
22.623206,51,7949.87008,True
20.908678,47,7951.673803,True
22.009774,47,7953.479676,True
22.11591,60,7955.783072,True
21.803033,51,7957.734244,True
-11.747655,73,7961.082432,False
21.142596,59,7963.2736,True
21.488342,38,7964.697587,True
21.747134,70,7972.275442,True
22.363358,51,7974.054629,True
22.793568,65,7976.303154,True
21.890191,66,7978.596858,True
22.349972,55,7980.506559,True
-9.62425,77,7983.262047,False
22.082409,63,7986.105032,True
21.551747,48,7987.815584,True
22.301438,75,7990.542737,True
22.277306,55,7992.597916,True
21.862287,57,7994.71273,True
22.039291,41,7996.230965,True
22.843037,69,7998.785413,True
22.19712,46,8000.489225,True
22.077725,44,8002.14003,True
3.130112,100,8006.591003,False
22.707648,70,8009.283425,True
22.477441,42,8010.898468,True
-9.239752,90,8014.330066,False
-11.148699,50,8016.244586,False
21.680996,43,8017.899463,True
22.76102,72,8020.861072,True
22.052817,67,8024.093544,True
21.547285,46,8025.861138,True
22.687004,71,8028.58581,True
22.892714,84,8031.804461,True
22.429626,76,8034.717165,True
-10.42957,79,8037.734314,False
22.06863,44,8039.428643,True
22.478173,67,8042.001061,True
22.103452,72,8045.388339,True
21.837358,42,8046.994065,True
22.759557,74,8049.817199,True
21.115877,60,8052.12737,True
1.865285,100,8055.969591,False
22.784081,80,8059.057039,True
-11.117542,14,8059.602679,False
23.31726,64,8062.045966,True
22.075054,70,8065.348424,True
21.991328,67,8067.921996,True
23.237596,73,8075.48281,True
21.770459,68,8077.925626,True
21.504093,44,8079.502164,True
-8.641463,72,8082.094506,False
22.473868,66,8084.463085,True
-13.188647,57,8086.498298,False
-11.449717,95,8090.48399,False
21.587267,46,8092.138898,True
21.994735,74,8094.782758,True
2.001946,100,8098.380328,False
-13.869578,24,8099.256102,False
22.489092,67,8101.73264,True
22.308137,82,8104.769566,True
3.068589,100,8109.077693,False
21.758132,62,8111.38187,True
22.694844,67,8113.859113,True
22.646289,74,8116.713689,True
22.801007,87,8120.07381,True
22.329733,55,8122.208178,True
22.638179,56,8124.356719,True
22.399513,62,8126.718847,True
22.195633,67,8130.027848,True
22.668593,59,8132.326136,True
22.12377,70,8134.998527,True
23.077566,78,8137.985135,True
22.735053,86,8141.296098,True
22.543683,51,8143.245582,True
21.590823,69,8145.897477,True
22.781073,84,8149.745826,True
22.657271,56,8151.913663,True
22.263793,62,8154.313303,True
-11.901598,39,8155.804089,False
22.218421,53,8157.841407,True
21.79308,31,8159.033301,True
22.659526,76,8161.944758,True
22.0956,58,8164.183316,True
22.452388,78,8167.165597,True
21.445812,66,8170.341646,True
22.154506,73,8178.433555,True
22.31526,42,8179.94015,True
22.504775,74,8182.594983,True
22.250268,47,8184.276396,True
22.73508,76,8187.012778,True
22.461678,73,8189.623078,True
22.120485,48,8191.345073,True
22.152095,74,8194.59358,True
22.341102,80,8197.460557,True
-10.178966,27,8198.431496,False
22.433811,42,8199.962698,True
22.958888,69,8202.539121,True
22.043453,45,8204.222605,True
21.848149,42,8205.834616,True
22.553357,77,8208.694159,True
1.83192,100,8213.011322,False
-11.894414,31,8214.168387,False
23.372622,85,8217.376607,True
22.173086,47,8219.184624,True
21.781631,58,8221.476407,True
22.312228,55,8223.650887,True
21.410735,41,8225.22846,True
2.663456,100,8229.063307,False
-11.106896,22,8229.910215,False
21.939475,50,8231.830705,True
23.751536,90,8235.910258,True
22.019512,70,8238.587391,True
22.742956,65,8241.080651,True
22.637484,61,8243.434648,True
23.245991,62,8245.804995,True
20.71619,22,8246.651593,True
22.551864,63,8249.05966,True
21.306075,65,8251.55287,True
22.324285,66,8254.728018,True
21.52199,58,8256.950177,True
21.00015,22,8257.797784,True
22.198951,58,8260.028375,True
22.347543,66,8262.564592,True
23.21683,69,8265.213595,True
22.876664,80,8268.276002,True
22.29598,63,8270.702761,True
22.804245,68,8278.118624,True
22.442604,75,8280.818349,True
22.73193,69,8283.299821,True
22.61184,69,8285.777067,True
22.779689,70,8288.281751,True
22.704496,90,8291.512782,True
22.61027,62,8293.740827,True
23.185503,70,8296.83872,True
22.284399,56,8298.916905,True
22.399995,38,8300.287009,True
22.125353,62,8302.500626,True
22.143013,41,8303.974715,True
21.977495,67,8306.457102,True
21.684382,56,8308.541844,True
22.931506,72,8311.218804,True
22.099145,48,8313.00222,True
21.541091,36,8314.336948,True
22.245992,62,8317.254085,True
23.104358,78,8320.326636,True
21.708898,54,8322.367375,True
22.550925,73,8325.188158,True
22.241413,43,8326.848024,True
-8.769224,75,8329.733909,False
21.85801,50,8331.650745,True
22.458553,52,8333.643103,True
-1.6313,100,8338.095787,False
21.7401,58,8340.319601,True
22.906779,75,8343.19961,True
21.771504,49,8345.070761,True
22.11887,49,8346.951978,True
22.109871,62,8349.345654,True
21.725722,45,8351.083361,True
22.486715,59,8353.353785,True
21.736433,41,8354.931166,True
22.20813,46,8357.326109,True
21.659807,72,8360.090863,True
21.926956,50,8362.011302,True
22.984795,75,8364.890856,True
21.236218,66,8367.428966,True
23.593148,97,8371.040342,True
22.110893,61,8373.292378,True
21.561691,48,8379.837424,True
21.876529,52,8382.31346,True
22.454893,64,8384.617592,True
21.956471,62,8386.851627,True
21.481852,46,8388.517198,True
22.123769,56,8390.528184,True
-12.85659,65,8392.860379,False
22.01921,62,8395.078009,True
21.686271,49,8396.835221,True
21.154632,62,8399.065653,True
21.643585,57,8401.701716,True
22.32801,73,8404.322293,True
22.202132,62,8406.544684,True
21.55685,44,8408.138611,True
-9.645729,71,8410.769386,False
22.849199,70,8413.353876,True
22.224969,68,8415.872115,True
21.107345,61,8418.149196,True
23.052551,65,8421.176492,True
21.80514,64,8423.543803,True
22.477774,75,8426.320717,True
21.81116,69,8428.874472,True
-10.440135,83,8432.053107,False
22.537129,57,8434.23608,True
-14.659315,61,8436.569208,False
21.834269,62,8438.947276,True
22.366046,60,8441.877605,True
-9.663673,75,8444.776334,False
21.631245,46,8446.540245,True
21.791919,69,8449.210646,True
22.242192,49,8451.087158,True
21.760268,62,8453.47914,True
-0.419932,100,8457.318722,False
21.561746,46,8459.097856,True
-9.26632,62,8462.112643,False
21.953254,72,8464.894835,True
22.142,53,8466.920714,True
20.929472,23,8467.772155,True
22.187876,45,8469.429137,True
21.762165,35,8470.733439,True
22.53442,60,8472.978665,True
21.921032,28,8474.020384,True
22.145255,70,8481.773411,True
22.970874,71,8484.245902,True
21.883122,61,8486.937643,True
22.748766,51,8488.727921,True
22.269433,72,8491.227495,True
21.913838,65,8493.543808,True
21.649066,48,8495.360223,True
22.250004,63,8497.626098,True
-9.9039,27,8498.597164,False
21.829054,58,8500.719232,True
23.035102,71,8503.960334,True
21.696221,68,8506.485316,True
21.899177,65,8508.901587,True
22.23095,72,8511.566655,True
23.119666,64,8513.954592,True
22.673964,44,8515.593321,True
22.219658,48,8517.368021,True
22.137449,58,8519.531956,True
22.041223,43,8521.125005,True
21.893238,63,8524.136961,True
22.696998,64,8526.514513,True
22.115592,63,8528.855167,True
22.54422,68,8531.407681,True
23.210896,69,8534.046327,True
23.057178,77,8537.006984,True
22.266906,67,8539.584876,True
22.109313,50,8541.5007,True
22.454879,70,8544.810685,True
21.341532,28,8545.894112,True
22.740843,79,8548.925616,True
22.497088,56,8551.088259,True
23.304714,68,8553.704043,True
-12.856481,55,8555.815042,False
22.042861,49,8557.688953,True
22.399614,49,8559.569936,True
22.711779,56,8561.725854,True
21.929868,69,8564.947835,True
21.830035,47,8566.69324,True
22.205105,53,8568.656752,True
21.475741,55,8570.693419,True
22.109084,41,8572.367204,True
22.010524,58,8574.514063,True
23.368974,57,8580.499806,True
22.255971,54,8582.455729,True
22.659567,60,8584.614919,True
22.152085,40,8586.047812,True
22.191654,65,8589.017439,True
-12.318367,37,8590.347241,False
-12.158123,44,8591.955082,False
22.260897,68,8594.409615,True
21.610683,49,8596.173157,True
22.289219,52,8598.11257,True
21.208084,52,8599.977171,True
21.261785,37,8601.308772,True
22.066361,52,8603.17632,True
-13.412379,50,8604.974221,False
22.360813,66,8607.930972,True
22.426781,65,8610.263176,True
21.695083,34,8611.483962,True
22.458404,63,8614.046993,True
21.377524,51,8615.983497,True
23.145496,76,8618.819549,True
21.719928,61,8621.249596,True
21.748896,64,8623.635877,True
21.411792,50,8625.488484,True
22.635818,65,8628.505787,True
22.070039,66,8630.958547,True
22.313731,64,8633.332324,True
21.12618,45,8635.01269,True
21.799749,57,8637.124361,True
-11.318457,29,8638.212131,False
22.636378,50,8640.131196,True
22.267321,61,8642.460471,True
22.422848,70,8645.183858,True
21.773278,38,8647.267517,True
22.472429,45,8648.999899,True
21.976652,64,8651.45955,True
-10.547042,92,8654.983109,False
22.611581,68,8657.597657,True
22.721978,62,8659.986415,True
21.742083,59,8662.248498,True
21.536813,36,8663.62747,True
22.110976,50,8665.554377,True
22.536724,70,8668.878067,True
-9.963521,61,8671.475413,False
21.623816,63,8673.824186,True
23.031938,51,8675.719089,True
21.454231,27,8681.310412,True
21.979156,62,8683.554863,True
23.023528,81,8686.582583,True
-9.663867,72,8689.169672,False
22.684949,70,8692.282883,True
22.859719,55,8694.459722,True
21.653859,67,8696.863534,True
22.055165,63,8699.132069,True
21.867272,59,8701.257219,True
21.827231,71,8703.801637,True
22.675821,70,8706.313812,True
21.924496,59,8708.446227,True
22.999203,55,8711.015222,True
22.108686,63,8713.275167,True
22.105635,56,8715.279182,True
22.242294,66,8717.659892,True
22.765114,69,8720.15488,True
21.693043,51,8722.045274,True
22.312873,52,8723.976522,True
22.743591,72,8726.6413,True
2.898465,100,8730.959866,False
22.685512,85,8734.114607,True
22.759936,68,8736.630342,True
22.403154,62,8738.932407,True
22.831795,64,8741.311222,True
-9.287089,77,8744.164072,False
21.452288,67,8746.644289,True
-10.909813,95,8750.889777,False
22.064272,44,8752.606896,True
-17.03099,62,8754.979004,False
22.197745,54,8757.041413,True
21.471185,58,8759.273962,True
2.95504,100,8763.093917,False
22.86859,58,8765.32527,True
21.625036,52,8767.318117,True
21.800459,59,8770.208882,True
23.086832,85,8773.513383,True
22.319459,81,8776.620357,True
21.93262,62,8784.22634,True
-10.393191,25,8785.095263,False
3.318859,100,8788.548383,False
21.234544,39,8789.898752,True
21.440171,46,8791.489199,True
21.36573,45,8793.054465,True
22.052241,57,8795.689152,True
21.538175,33,8796.871613,True
-13.360968,98,8800.410627,False
22.542264,63,8802.69956,True
22.641966,69,8805.207991,True
21.766362,53,8807.166964,True
22.330309,44,8808.79445,True
22.842503,63,8811.134163,True
22.010655,59,8813.921555,True
22.769169,65,8816.333128,True
-11.288335,94,8819.831979,False
21.856795,47,8821.670975,True
22.498173,60,8823.964447,True
21.558712,53,8825.934949,True
21.865511,46,8827.638767,True
-16.463546,45,8829.319664,False
22.36075,68,8831.874142,True
23.228877,75,8835.270006,True
21.810262,67,8837.766629,True
22.386062,53,8839.805967,True
23.098986,79,8842.833225,True
22.918856,72,8845.599375,True
22.082219,74,8848.433274,True
22.519174,71,8851.154176,True
21.964409,63,8854.201506,True
22.469118,75,8857.076344,True
21.90696,44,8858.758484,True
22.183369,58,8860.994633,True
21.73017,52,8862.991027,True
22.553698,53,8865.02482,True
20.596364,18,8865.71763,True
22.72678,77,8868.663454,True
-13.529778,34,8869.967617,False
22.734027,73,8872.76862,True
22.548615,59,8875.588116,True
22.370343,65,8878.005884,True
23.721249,85,8885.090204,True
22.611642,81,8888.00251,True
22.29532,68,8890.453494,True
23.179679,62,8892.681637,True
22.02303,55,8894.658392,True
22.522194,70,8897.777384,True
22.838559,69,8900.261025,True
21.983471,64,8902.565507,True
22.320046,59,8904.713065,True
21.574849,37,8906.041566,True
22.083273,71,8908.593074,True
22.730493,60,8910.777041,True
21.842246,67,8913.270272,True
22.086867,65,8916.300443,True
22.113291,63,8918.639037,True
22.258157,71,8921.523507,True
22.669404,67,8924.038976,True
21.994856,48,8925.863137,True
2.460745,100,8929.578938,False
22.147524,50,8931.590596,True
21.937812,95,8935.164152,True
-13.251822,31,8936.984252,False
22.921035,84,8940.212065,True
21.744611,46,8941.993599,True
22.150337,46,8943.766737,True
22.320934,69,8946.413833,True
22.40265,56,8948.559303,True
21.482265,64,8951.032867,True
21.822294,29,8952.147791,True
21.977964,46,8953.903348,True
23.02008,79,8957.630037,True
21.872074,46,8959.398252,True
-10.671577,26,8960.402439,False
22.188886,68,8963.002137,True
22.053095,68,8965.613665,True
-12.468033,54,8967.692725,False
3.13885,100,8971.538783,False
23.080517,65,8973.943912,True
22.138511,62,8976.841107,True
21.464354,54,8978.861309,True
21.894241,58,8986.782593,True
22.162052,52,8988.601708,True
21.962181,73,8991.135333,True
23.556265,77,8993.818032,True
21.393998,39,8995.168408,True
22.438608,66,8997.469532,True
22.393625,67,8999.826317,True
22.930079,71,9002.979013,True
21.89103,34,9004.208637,True
-11.096044,18,9004.853812,False
21.812907,59,9006.983887,True
1.953528,100,9010.645839,False
22.592334,77,9013.519371,True
22.531118,48,9015.297593,True
22.929989,66,9017.763783,True
22.110744,42,9019.335182,True
22.664975,68,9022.464644,True
21.385981,60,9024.690484,True
21.268101,50,9026.548633,True
22.482964,79,9029.492459,True
22.298999,69,9032.052606,True
22.811793,88,9035.339816,True
22.577776,58,9037.501281,True
22.486426,75,9041.009774,True
21.2579,37,9042.381656,True
22.807422,61,9044.652474,True
22.676144,67,9047.223311,True
22.422511,59,9049.522838,True
21.764918,63,9051.980107,True
21.393673,63,9054.429142,True
-9.379879,65,9056.925406,False
22.422436,63,9059.352601,True
21.38992,50,9061.895353,True
22.031305,43,9063.554309,True
22.192956,57,9065.763348,True
22.321826,39,9067.261814,True
22.58526,75,9070.151418,True
21.873265,43,9071.806206,True
22.451775,72,9074.588817,True
22.130305,57,9076.772228,True
22.293355,76,9079.701838,True
22.180689,65,9087.033725,True
22.206224,67,9089.450818,True
21.091074,56,9091.460071,True
21.260953,49,9093.227328,True
22.708607,64,9095.526406,True
21.970865,38,9096.882766,True
21.791579,31,9098.001749,True
-10.719872,88,9101.190538,False
22.550115,67,9103.613172,True
21.578894,59,9106.331601,True
21.507859,28,9107.341187,True
21.802416,59,9109.463979,True
23.205036,68,9111.954159,True
21.99272,57,9114.070908,True
22.196583,63,9116.396416,True
21.918328,58,9118.579586,True
21.440809,45,9120.302017,True
-9.199077,98,9126.368374,False
21.843736,66,9129.314413,True
-10.018843,74,9133.112152,False
21.789239,42,9135.319459,True
21.983503,53,9137.924844,True
23.381926,74,9141.275366,True
22.420737,57,9143.836462,True
21.999778,71,9147.98472,True
22.499116,62,9152.613653,True
21.876826,62,9155.519554,True
-15.364665,34,9157.366081,False
-11.811239,84,9161.043505,False
21.785815,49,9163.545291,True
23.213356,71,9166.653447,True
1.785789,100,9171.10425,False
21.920025,56,9173.40756,True
22.762654,64,9176.968556,True
22.368309,53,9179.175285,True
21.732044,45,9181.025381,True
22.072092,65,9183.643788,True
21.651442,56,9186.093083,True
21.875115,60,9188.507045,True
21.826255,51,9190.580229,True
21.838931,45,9192.374408,True
2.930991,100,9200.952915,False
22.178395,70,9204.533382,True
22.181981,59,9207.249845,True
21.961506,50,9209.285708,True
21.190158,42,9211.004487,True
22.675477,52,9213.093951,True
21.662694,63,9215.42395,True
22.098091,39,9216.872327,True
22.025214,76,9219.688911,True
21.666751,62,9222.189918,True
21.761819,60,9225.109303,True
22.02902,43,9226.708053,True
22.597769,47,9228.636578,True
22.377989,49,9230.741286,True
22.359805,36,9232.23647,True
-13.301824,60,9234.736191,False
21.71631,53,9236.804179,True
-0.834574,100,9240.638442,False
21.765179,43,9242.29407,True
22.846696,72,9245.823522,True
21.915486,48,9247.730581,True
21.971929,63,9250.360533,True
-10.430423,80,9253.536136,False
21.953814,68,9256.243807,True
22.066254,52,9258.313502,True
1.622572,100,9262.314161,False
22.058551,82,9266.222879,True
21.785199,70,9268.981911,True
22.37044,73,9271.783523,True
0.938688,100,9275.621148,False
22.640016,72,9278.739426,True
22.597389,59,9281.206882,True
22.264122,67,9283.936465,True
22.711578,65,9287.269914,True
21.255989,55,9289.415249,True
21.61276,51,9291.392581,True
22.737902,70,9294.089409,True
22.426334,70,9296.780264,True
22.306342,82,9299.937265,True
21.330843,52,9301.930446,True
22.722898,68,9309.061944,True
21.992612,36,9310.422072,True
21.701872,62,9313.364415,True
22.204126,51,9315.258517,True
3.118754,100,9319.038869,False
22.321173,70,9321.923627,True
22.664264,71,9324.554872,True
22.007892,46,9326.261392,True
-10.764582,48,9328.04329,False
22.112872,70,9330.648453,True
22.878146,53,9333.245745,True
21.960255,32,9334.441075,True
21.808692,59,9336.883606,True
22.429029,62,9339.220074,True
-9.012988,32,9340.431331,False
22.00737,59,9342.690232,True
-11.623827,73,9345.502506,False
22.306392,52,9347.490829,True
22.373992,70,9351.080338,True
21.990865,61,9355.294426,True
22.785147,64,9360.03425,True
22.794241,53,9362.584643,True
0.917503,100,9366.847814,False
22.460361,57,9369.352163,True
-11.956478,91,9373.8681,False
22.957358,68,9377.615261,True
22.03205,50,9379.743081,True
22.745913,63,9383.205641,True
23.214495,89,9387.342677,True
23.702925,88,9391.331777,True
21.535568,51,9393.611715,True
22.742037,66,9396.906222,True
22.116782,37,9398.868795,True
22.216415,47,9401.807308,True
21.701622,53,9404.336722,True
22.400013,76,9409.551316,True
22.583194,53,9411.986341,True
23.21011,71,9415.96157,True
22.042038,55,9418.57941,True
22.088272,70,9421.814673,True
-9.864597,83,9431.028526,False
22.016511,45,9432.846361,True
21.979409,56,9435.486293,True
22.596811,72,9439.211851,True
22.127355,62,9442.100526,True
21.571109,57,9444.649097,True
20.970216,27,9445.844034,True
-8.449479,57,9448.299598,False
22.885183,82,9452.196705,True
22.020259,48,9454.460331,True
22.811272,70,9457.358235,True
22.300567,67,9460.797144,True
21.788218,57,9463.076747,True
22.197283,56,9465.338262,True
3.311756,100,9469.700034,False
3.30917,100,9477.73278,False
22.795173,70,9483.910226,True
22.579176,91,9490.914793,True
22.44406,74,9498.658024,True
23.021483,79,9504.814654,True
-13.475766,25,9506.309242,False
22.768613,56,9509.697441,True
23.79824,84,9514.741275,True
21.793649,43,9517.054666,True
22.310728,71,9521.190846,True
21.871855,56,9524.108882,True
21.85726,46,9526.425776,True
22.516512,81,9530.947381,True
21.583432,61,9533.923177,True
22.54996,59,9536.654404,True
-12.628573,43,9538.853034,False
22.814412,81,9542.342394,True
22.41584,48,9544.459726,True
22.072132,51,9546.839625,True
22.833024,63,9550.632271,True
22.347592,50,9553.937814,True
21.668462,31,9555.305032,True
22.344543,62,9557.971147,True
22.405287,62,9561.3262,True
22.047816,67,9564.574149,True
22.076421,70,9573.86035,True
22.026976,54,9576.197935,True
22.120713,54,9578.966742,True
21.399982,51,9581.169559,True
2.664603,100,9586.326401,False
22.237611,75,9589.466167,True
2.937214,100,9593.49982,False
22.636826,54,9595.777043,True
21.919048,74,9598.710065,True
-9.496761,93,9602.47307,False
22.011681,62,9604.927247,True
22.648758,48,9607.542091,True
22.674338,67,9610.439042,True
21.962674,59,9613.838143,True
22.154159,59,9616.679725,True
21.693607,69,9620.37177,True
22.348176,62,9623.729878,True
-9.203569,69,9626.707327,False
-10.1305,94,9631.976535,False
23.221295,65,9635.275254,True
22.563858,71,9638.951183,True
-12.047617,70,9642.271284,False
23.234482,84,9646.27388,True
21.704538,57,9648.810766,True
22.573373,65,9651.727549,True
22.517575,63,9654.66522,True
22.690188,69,9658.752907,True
22.300271,48,9661.540317,True
22.947071,59,9664.595007,True
21.941165,64,9667.683821,True
22.10872,55,9670.487703,True
21.867996,72,9674.277689,True
23.0395,70,9677.481614,True
22.643649,65,9680.400934,True
21.632939,37,9682.736895,True
22.619873,69,9685.775101,True
22.346066,82,9689.763008,True
22.217815,57,9692.398001,True
22.44772,45,9700.253592,True
22.398653,55,9702.570778,True
22.951025,76,9705.919392,True
22.713204,88,9710.159425,True
22.445227,81,9714.709089,True
22.583316,68,9717.946901,True
21.739739,47,9720.261665,True
-8.969027,33,9722.30346,False
22.456854,52,9724.933581,True
22.376892,68,9727.797891,True
22.654138,63,9730.463251,True
-16.831182,28,9731.898331,False
22.09082,86,9735.471294,True
-9.74095,74,9739.441832,False
21.842629,91,9743.354719,True
21.902445,60,9745.822512,True
22.572653,55,9748.108303,True
23.11054,73,9751.152297,True
23.128826,86,9755.02788,True
22.271056,52,9757.305222,True
22.243725,73,9761.105412,True
22.110841,48,9763.094776,True
22.109305,61,9765.622843,True
21.234197,49,9767.668233,True
21.819628,54,9769.992741,True
21.557724,43,9771.707377,True
22.172691,52,9773.772346,True
21.99058,58,9776.184782,True
21.65874,71,9779.017015,True
21.612643,58,9781.979676,True
23.173169,82,9785.50612,True
1.041457,100,9789.491464,False
22.303212,66,9792.218615,True
23.856706,82,9795.48011,True
-11.945813,31,9796.829652,False
21.580295,45,9798.66004,True
-15.975572,38,9800.190883,False
21.951437,51,9802.220845,True
22.530352,71,9805.779395,True
-11.180257,19,9806.542323,False
22.412369,48,9808.735656,True
22.530269,75,9816.914176,True
22.49027,75,9820.229992,True
21.957776,68,9822.873588,True
-0.125538,100,9826.722623,False
22.139422,71,9830.087074,True
22.032689,36,9831.514543,True
22.657463,47,9833.316022,True
20.965777,26,9834.309093,True
21.893462,81,9837.432606,True
-14.267916,43,9839.104152,False
22.164768,76,9842.02477,True
22.421691,75,9844.906553,True
22.019009,70,9847.583075,True
22.781468,62,9850.60392,True
22.135904,53,9852.892157,True
21.699749,46,9854.723065,True
22.155119,63,9857.253291,True
1.959489,100,9861.224853,False
22.712778,87,9864.740317,True
22.62887,73,9868.516548,True
22.502828,61,9871.361525,True
23.154611,73,9875.339425,True
21.754632,46,9877.364487,True
-10.500344,27,9878.569918,False
21.440318,51,9880.753329,True
23.185089,66,9883.895612,True
22.400725,63,9886.605251,True
22.068155,89,9890.508706,True
21.600492,60,9893.388652,True
22.324249,64,9897.029182,True
22.267699,37,9898.829486,True
22.506412,66,9901.769492,True
22.478737,70,9904.871558,True
-10.143856,30,9906.248697,False
22.517721,72,9909.61659,True
21.861076,55,9912.171198,True
22.915544,65,9914.995359,True
23.386359,67,9917.89219,True
-11.22797,96,9923.093062,False
22.276352,48,9925.20786,True
22.009125,44,9932.822608,True
22.705891,85,9936.428223,True
23.4121,74,9939.622921,True
22.306469,82,9943.439657,True
21.982957,70,9946.412287,True
21.054832,26,9947.667941,True
22.115067,67,9951.758089,True
21.847602,75,9955.268191,True
-9.378329,78,9958.83362,False
-14.110009,44,9960.96506,False
-8.838035,69,9964.604505,False
-10.903024,57,9967.320265,False
21.687668,50,9969.533455,True
21.68861,37,9971.536921,True
22.741378,71,9976.895222,True
22.440159,60,9980.265682,True
21.537099,34,9982.104027,True
22.480969,56,9984.979535,True
22.507555,43,9987.062328,True
0.486939,100,9992.483086,False
-12.344341,45,9994.618852,False
22.918236,61,9997.499324,True
21.738534,73,10002.226576,True
22.27455,51,10005.798032,True
21.533239,55,10008.265647,True
22.000218,57,10010.787617,True
22.538154,82,10014.601437,True
1.871972,100,10018.840979,False
22.297075,56,10021.50233,True
22.466669,58,10023.978414,True
21.593286,86,10028.567369,True
-11.19497,17,10029.29268,False
22.4946,76,10032.474214,True
22.374038,68,10035.309494,True
-11.780342,36,10036.776515,False
22.479043,63,10039.376048,True
22.596221,50,10041.41159,True
21.600007,72,10044.336145,True
21.152014,61,10047.017258,True
23.2331,73,10051.157739,True
22.219068,71,10058.438655,True
23.105766,61,10060.823811,True
21.287999,51,10062.795797,True
21.494548,40,10064.363543,True
-13.052838,95,10068.015803,False
21.509799,35,10069.350778,True
22.404783,69,10072.005043,True
22.061977,50,10073.93174,True
22.34084,60,10076.871841,True
21.513714,61,10079.245833,True
21.597028,58,10081.480064,True
22.64553,54,10083.576416,True
21.907038,56,10085.831629,True
22.438115,53,10088.285577,True
3.008337,100,10092.559947,False
21.311206,57,10094.911544,True
22.055458,68,10098.400394,True
22.564193,78,10101.565819,True
22.731111,54,10103.727449,True
1.510754,100,10107.736141,False
2.157605,100,10112.049346,False
22.674901,59,10114.587168,True
22.691065,81,10117.942869,True
22.575104,73,10122.113233,True
22.062274,45,10124.005535,True
22.286543,57,10126.396098,True
21.820022,52,10128.56079,True
21.103455,47,10130.573257,True
22.580157,64,10133.233531,True
21.468752,51,10135.349811,True
22.327473,60,10137.828815,True
21.784086,37,10139.376862,True
22.039809,60,10142.539982,True
21.680405,49,10144.591936,True
22.51374,85,10148.058386,True
22.052369,67,10150.762159,True
22.163854,62,10153.222782,True
21.903171,51,10155.258436,True
-12.902341,25,10156.25094,False
-11.038243,83,10159.565498,False
22.009697,64,10162.170361,True
21.529992,31,10169.26387,True
-1.880354,100,10172.985643,False
21.964655,68,10175.508996,True
22.573005,64,10177.884777,True
-1.808327,100,10181.670754,False
21.311629,70,10184.402266,True
2.780466,100,10188.879614,False
21.660101,54,10190.980842,True
22.311997,57,10193.167638,True
-10.434696,56,10195.318798,False
-15.660604,46,10197.153907,False
21.88451,58,10199.474925,True
21.500523,48,10201.387084,True
22.954104,85,10204.804191,True
21.717605,79,10207.982204,True
22.881891,85,10212.054175,True
22.415425,66,10214.686147,True
22.041163,64,10217.25789,True
22.295629,44,10219.010952,True
22.52037,51,10221.041039,True
22.233331,68,10223.753736,True
22.345473,56,10225.982488,True
22.177818,52,10228.066696,True
22.344113,40,10229.661248,True
22.177418,76,10233.417246,True
-9.535297,79,10236.584977,False
22.44671,59,10239.045189,True
22.047139,57,10241.490974,True
22.685908,62,10244.01444,True
21.566023,52,10246.090101,True
-10.804952,42,10247.78114,False
22.521409,60,10250.163954,True
21.916215,50,10252.81657,True
22.348043,55,10255.035354,True
22.44648,61,10257.469452,True
22.435666,53,10259.613236,True
21.218565,52,10261.686441,True
22.731777,61,10264.11626,True
3.192786,100,10268.101736,False
21.982068,49,10275.286447,True
22.394545,71,10278.816802,True
21.945588,46,10280.649054,True
22.669521,74,10283.691403,True
21.306005,52,10285.769621,True
23.055231,69,10288.515834,True
22.612623,63,10291.032725,True
22.54207,64,10293.583715,True
22.32186,67,10296.417459,True
21.911101,65,10299.747152,True
23.378004,71,10302.633558,True
21.34487,61,10305.091335,True
21.963457,63,10307.61237,True
1.354474,100,10311.587139,False
21.606365,40,10313.188644,True
22.577772,73,10316.099966,True
22.229477,49,10318.062248,True
21.380056,31,10319.316455,True
21.917028,66,10322.54756,True
22.374077,41,10324.134545,True
22.020779,65,10326.699332,True
23.332729,67,10329.285231,True
1.267662,100,10333.15202,False
22.245975,81,10336.280261,True
22.78084,62,10338.726949,True
21.499354,73,10342.234922,True
21.709062,45,10344.014661,True
-8.452696,88,10348.919454,False
0.258887,100,10353.56328,False
22.096265,69,10356.899607,True
-10.724872,84,10360.774579,False
22.428465,44,10362.954406,True
22.326358,62,10366.043975,True
21.789597,72,10370.230159,True
22.346304,69,10373.550393,True
21.738231,39,10375.7011,True
21.739062,62,10378.77308,True
22.122414,72,10382.083442,True
22.52346,66,10385.236614,True
22.025771,54,10393.744051,True
22.943786,58,10396.373024,True
22.037551,30,10398.549221,True
22.098809,60,10401.26199,True
21.964693,60,10403.86825,True
21.698445,52,10406.016004,True
-11.643027,89,10409.697342,False
22.728162,72,10412.663178,True
21.279342,50,10414.7387,True
23.308622,100,10418.861135,True
-9.067017,79,10422.978577,False
22.212288,54,10425.124171,True
21.794133,62,10427.583326,True
22.927789,79,10430.711861,True
21.69065,57,10433.099193,True
21.747859,31,10434.373835,True
-8.450344,71,10437.252225,False
22.568974,56,10439.679033,True
22.261655,62,10443.034957,True
22.084265,54,10445.279142,True
21.957883,46,10447.155382,True
22.324824,55,10449.370067,True
-9.980988,87,10452.876597,False
22.527175,52,10454.980696,True
21.911877,54,10457.14882,True
21.466548,64,10459.745571,True
23.017017,61,10462.177043,True
22.053166,61,10465.295836,True
22.035955,57,10467.618075,True
21.573619,44,10469.424037,True
22.032265,63,10471.984485,True
21.82255,59,10474.351624,True
21.977554,59,10476.732673,True
22.050615,33,10478.055439,True
22.09685,50,10480.106292,True
21.840148,52,10482.703096,True
1.082866,100,10488.318177,False
23.098454,95,10492.465402,True
21.385589,63,10495.225293,True
21.446976,51,10497.696025,True
-12.923281,78,10507.033165,False
22.59208,61,10509.921827,True
21.978559,71,10513.234084,True
-9.922966,88,10517.59373,False
22.572331,52,10519.739893,True
21.314924,58,10522.396477,True
22.228811,52,10524.930405,True
22.222022,42,10526.718678,True
22.35515,38,10528.293954,True
21.944619,51,10530.394275,True
22.878741,62,10532.877368,True
21.534758,49,10534.942556,True
22.842717,81,10539.121318,True
23.048846,59,10541.716458,True
21.7939,44,10543.754183,True
22.557121,69,10546.795144,True
21.749117,49,10548.992678,True
21.682948,39,10550.621216,True
22.024188,71,10553.681311,True
22.11199,60,10556.301484,True
22.3744,64,10559.09582,True
22.087314,56,10562.130319,True
21.597478,58,10564.52855,True
21.594957,34,10565.911858,True
22.567159,60,10568.328373,True
23.328325,79,10571.521911,True
22.108165,56,10573.883951,True
21.170955,53,10576.247326,True
22.717409,55,10578.844203,True
22.667197,60,10581.370736,True
20.845173,27,10582.479259,True
21.117208,53,10585.367248,True
21.47649,66,10588.10964,True
22.157186,73,10591.126597,True
21.828537,45,10592.98051,True
22.001674,57,10595.345902,True
2.122163,100,10599.5065,False
22.441975,84,10603.010838,True
22.811777,71,10606.689355,True
21.852871,55,10608.955694,True
-9.617789,26,10610.03968,False
22.249458,55,10612.287113,True
22.277959,57,10614.560978,True
21.596396,50,10616.547625,True
21.920164,48,10623.754813,True
22.927864,69,10626.774022,True
22.268422,68,10629.419038,True
22.1348,74,10633.192747,True
0.298047,100,10637.400144,False
21.396659,31,10638.737019,True
22.197284,66,10641.518586,True
21.324129,51,10643.553078,True
22.183281,59,10646.089324,True
21.795506,57,10648.426404,True
22.082888,46,10650.611881,True
22.434672,64,10653.381793,True
21.976866,65,10656.964693,True
21.066351,65,10659.623946,True
22.751097,48,10661.834805,True
20.895392,32,10663.209175,True
-11.540729,31,10664.524388,False
22.489961,76,10667.767125,True
22.421921,46,10669.609044,True
22.31348,61,10672.57248,True
22.4672,80,10676.23399,True
22.088417,42,10678.919755,True
22.248607,80,10682.517061,True
-10.929566,51,10684.845929,False
21.979435,69,10687.972967,True
21.347625,29,10689.266413,True
21.954586,65,10692.21571,True
22.180399,69,10695.415274,True
21.620286,55,10698.309717,True
22.296822,64,10701.255294,True
22.359536,58,10705.207562,True
22.31028,73,10709.507722,True
-11.068304,55,10712.045976,False
22.68858,59,10715.937868,True
22.369166,56,10720.511271,True
22.610622,61,10724.30859,True
-8.89497,37,10725.973175,False
22.108382,60,10729.670561,True
2.624484,100,10735.754041,False
22.188455,67,10738.95904,True
21.944795,64,10742.011371,True
22.113743,65,10751.954663,True
21.791829,39,10753.819718,True
21.437528,43,10756.814479,True
21.807223,59,10760.359557,True
-10.973434,31,10761.719188,False
22.024213,62,10764.867799,True
21.997366,68,10768.957301,True
22.044152,47,10771.463035,True
22.008751,53,10773.932517,True
22.104091,64,10777.201379,True
22.133706,66,10780.366662,True
22.257392,65,10783.344507,True
22.741335,69,10786.657638,True
21.659002,56,10789.475312,True
22.476007,72,10793.139994,True
22.262899,71,10797.34985,True
22.412212,46,10799.402087,True
21.773062,49,10801.529333,True
22.141864,58,10804.130789,True
22.816113,81,10807.985104,True
21.878786,62,10810.587423,True
22.39485,70,10813.701533,True
22.41446,88,10818.784908,True
21.901942,46,10820.782467,True
21.883882,49,10822.731108,True
21.604702,43,10824.490279,True
22.569283,66,10827.629474,True
21.338253,47,10830.170859,True
21.993043,74,10833.561796,True
21.598006,45,10835.710017,True
-9.588375,18,10836.672269,False
-11.413177,96,10841.055695,False
21.604971,45,10843.964493,True
22.219272,57,10846.519476,True
21.271224,51,10848.876166,True
21.952581,49,10851.688206,True
22.093398,63,10854.730952,True
21.067819,60,10858.02375,True
21.908907,44,10860.45982,True
21.657229,29,10862.184666,True
-17.004903,35,10864.38757,False
-12.911656,49,10866.915445,False
